Filename,Class0,Class1,Class2,Class3,Class4,Class5,Class6,Class7,Class8,Class9,Class10,Class11,Class12,Class13,Class14,Class15,Class16,Class17,Class18,Class19
1.jpg,0,0,0,0,0,0,0,1,0,0,0,0,0,0,0,0,0,0,0,0
2.jpg,0,0,0,1,0,0,0,0,0,0,0,0,0,0,0,0,0,0,0,0
3.jpg,1,0,0,0,0,0,0,0,0,0,0,0,0,0,0,0,0,0,0,0
4.jpg,0,0,0,0,0,0,0,0,0,0,0,0,0,0,0,0,0,1,0,0
5.jpg,0,0,0,0,0,0,0,0,0,0,0,0,0,0,0,0,0,0,0,1
6.jpg,0,0,0,0,0,0,0,0,0,0,0,0,0,0,0,0,0,0,1,1
7.jpg,0,1,1,0,0,0,0,0,0,0,0,0,0,0,0,0,0,0,0,0
8.jpg,1,0,0,0,0,0,0,0,0,0,0,0,0,0,0,0,0,0,0,0
9.jpg,0,0,0,1,0,0,0,0,0,0,0,0,0,0,0,0,0,0,0,0
10.jpg,0,0,0,1,0,0,0,0,0,0,0,0,0,0,0,0,0,0,0,0
11.jpg,1,0,0,0,1,0,0,0,0,0,0,0,0,0,0,0,0,0,0,0
12.jpg,0,0,0,0,0,0,0,0,0,0,0,0,0,0,0,0,1,0,0,0
13.jpg,0,0,0,1,0,0,0,0,0,0,0,0,0,0,0,0,0,0,0,0
14.jpg,1,0,0,0,0,0,0,0,0,0,0,0,0,0,0,0,0,0,0,0
15.jpg,1,0,0,0,0,0,0,0,0,0,0,0,0,0,0,0,0,0,0,0
16.jpg,0,0,0,1,0,0,0,0,0,0,0,0,0,0,0,0,0,0,0,0
17.jpg,1,0,0,0,1,0,0,0,0,0,0,0,1,0,0,0,0,0,0,0
18.jpg,0,0,0,0,1,0,0,0,0,0,0,0,0,0,0,0,0,0,0,0
19.jpg,0,0,0,0,0,0,0,0,0,0,0,0,0,0,0,0,1,0,0,0
20.jpg,0,0,0,0,0,0,0,0,0,0,0,0,0,0,0,0,1,0,0,0
21.jpg,0,0,0,1,0,0,0,0,0,0,0,0,0,0,0,0,0,0,0,0
22.jpg,0,0,0,1,0,0,0,0,0,0,0,0,0,0,0,0,0,0,0,0
23.jpg,0,0,0,1,0,0,0,0,0,0,0,0,0,0,0,0,0,0,0,0
24.jpg,0,0,0,0,1,0,0,0,0,0,0,0,0,0,0,0,0,0,0,0
25.jpg,0,0,0,0,0,0,0,0,0,0,0,0,0,0,0,0,1,0,0,0
26.jpg,1,0,0,0,0,0,0,0,0,0,0,0,0,0,0,0,1,0,0,0
27.jpg,0,0,0,0,0,0,0,0,0,0,0,0,0,0,0,0,1,0,0,0
28.jpg,0,0,0,1,0,0,0,0,0,0,0,0,0,0,0,0,0,0,0,0
29.jpg,0,0,0,0,0,0,0,0,0,0,0,0,0,0,0,0,1,0,0,0
30.jpg,0,0,0,0,0,0,0,0,0,0,0,0,0,0,0,0,1,0,0,0
31.jpg,0,0,0,0,0,0,0,0,0,0,0,0,0,0,0,0,1,0,0,0
32.jpg,0,0,0,0,0,0,0,0,0,0,0,0,0,0,0,0,1,0,0,0
33.jpg,1,0,0,0,0,0,0,0,0,0,0,0,0,0,0,0,0,0,0,0
34.jpg,0,0,0,0,0,0,0,0,0,0,0,0,0,0,0,0,1,0,0,0
35.jpg,0,0,0,0,0,0,0,0,0,0,0,0,0,0,0,0,1,0,0,0
36.jpg,0,0,0,0,0,0,0,0,0,0,0,0,0,0,0,0,1,0,0,0
37.jpg,0,0,0,0,0,0,0,0,0,0,0,0,0,0,0,0,1,0,0,0
38.jpg,0,0,0,0,0,0,0,0,0,0,0,0,0,0,1,0,0,0,0,0
39.jpg,0,0,0,1,0,0,0,0,0,0,0,0,0,0,0,0,1,0,0,0
40.jpg,0,0,0,1,0,0,0,0,0,0,0,0,0,0,0,0,0,0,0,0
41.jpg,0,0,0,1,0,0,0,0,0,0,0,0,0,0,0,0,0,0,0,0
42.jpg,0,0,0,1,0,0,0,0,0,0,0,0,0,0,0,0,0,0,0,0
43.jpg,0,0,0,1,0,0,0,0,0,0,0,0,0,0,0,0,0,0,0,1
44.jpg,0,0,0,1,0,0,0,0,0,0,0,0,0,0,0,0,0,0,0,0
45.jpg,0,0,0,1,0,0,0,0,0,0,0,0,0,0,0,0,0,0,0,0
46.jpg,0,0,0,1,0,0,0,0,0,0,0,0,0,0,0,0,0,0,0,0
47.jpg,0,0,0,1,0,0,0,0,0,0,0,0,0,0,0,0,0,0,0,0
48.jpg,0,0,0,1,0,0,0,0,0,0,0,0,0,0,0,0,0,0,0,0
49.jpg,0,0,0,1,0,0,0,0,0,0,0,0,0,0,0,0,0,0,0,0
50.jpg,0,0,0,1,0,0,0,0,0,0,0,0,0,0,0,0,0,0,0,0
51.jpg,0,0,0,1,0,0,0,0,0,0,0,0,0,0,0,0,0,0,0,0
52.jpg,0,0,0,1,0,0,0,0,0,0,0,0,0,0,0,0,1,0,0,0
53.jpg,0,0,0,1,0,0,0,0,0,0,0,0,0,0,0,0,0,0,0,0
54.jpg,0,0,0,1,0,0,0,0,0,0,0,0,0,0,0,0,0,0,0,0
55.jpg,0,0,0,1,0,0,0,0,0,0,0,0,0,0,0,0,0,0,0,0
56.jpg,0,0,0,1,0,0,0,0,0,0,0,0,0,0,0,0,0,0,0,0
57.jpg,0,0,0,1,0,0,0,0,0,0,0,0,0,0,0,0,0,0,0,0
58.jpg,0,0,0,1,0,0,0,0,0,0,0,0,0,0,0,0,0,0,0,0
59.jpg,0,0,0,1,0,0,0,0,0,0,0,0,0,0,0,0,0,0,0,0
60.jpg,0,0,0,1,0,0,0,0,0,0,0,0,0,0,0,0,0,0,0,0
61.jpg,0,0,0,1,0,0,0,0,0,0,0,0,0,0,0,0,0,0,0,0
62.jpg,0,0,0,1,0,0,0,0,0,0,0,0,0,0,0,0,1,0,0,0
63.jpg,0,0,0,1,0,0,0,0,0,0,0,0,0,0,0,0,0,0,0,0
64.jpg,0,0,0,1,0,0,0,0,0,0,0,0,0,0,0,0,0,0,0,0
65.jpg,0,0,0,1,0,0,0,0,0,0,0,0,0,0,0,0,0,0,0,0
66.jpg,0,0,0,1,0,0,0,0,0,0,0,0,0,0,0,0,0,0,0,0
67.jpg,0,0,0,1,0,0,0,0,0,0,0,0,0,0,0,0,0,0,0,0
68.jpg,0,0,0,1,0,0,0,0,0,0,0,0,0,0,0,0,0,0,0,0
69.jpg,0,0,0,1,0,0,0,0,0,0,0,0,0,0,0,0,0,0,0,0
70.jpg,0,0,0,1,0,0,0,0,0,0,0,0,0,0,0,0,0,0,0,0
71.jpg,0,0,0,1,0,0,0,0,0,0,0,0,0,0,0,0,0,0,0,0
72.jpg,0,0,0,1,0,0,0,0,0,0,0,0,0,0,0,0,0,0,0,0
73.jpg,0,0,0,1,0,0,0,0,0,0,0,0,0,0,0,0,0,0,0,0
74.jpg,1,0,0,1,0,0,0,0,0,0,0,0,0,0,0,0,0,0,0,0
75.jpg,0,0,0,1,0,0,0,0,0,0,0,0,0,0,0,0,0,0,0,0
76.jpg,0,0,0,1,0,0,0,0,0,0,0,0,0,0,0,0,0,0,0,0
77.jpg,0,0,0,0,0,0,0,0,0,0,0,0,0,0,0,0,0,0,0,1
78.jpg,0,0,0,1,0,0,0,0,0,0,0,0,0,0,0,0,0,0,0,0
79.jpg,0,0,0,1,0,0,0,0,0,0,0,0,0,0,0,0,0,0,0,0
80.jpg,0,0,0,0,0,0,0,0,0,0,0,0,0,0,0,0,0,0,1,0
81.jpg,0,0,0,0,0,0,0,0,0,0,0,0,0,0,0,0,0,0,1,0
82.jpg,0,0,0,0,0,0,0,0,0,0,0,0,1,0,0,0,0,0,0,0
83.jpg,0,0,0,0,0,0,0,1,0,0,0,0,0,0,0,0,0,0,0,0
84.jpg,0,0,0,1,0,0,0,0,0,0,0,0,0,0,0,0,0,0,0,0
85.jpg,0,0,0,1,0,0,0,0,0,0,0,0,0,0,0,0,0,0,0,0
86.jpg,0,0,0,0,0,0,0,0,0,0,0,0,1,0,0,0,0,0,0,0
87.jpg,0,0,0,0,0,0,0,0,0,0,0,0,0,0,1,0,0,0,0,0
88.jpg,0,0,0,0,0,0,0,0,0,0,0,0,0,0,0,0,0,1,0,0
89.jpg,0,0,1,0,0,1,1,0,1,0,0,0,0,0,0,0,0,0,0,0
90.jpg,0,0,0,0,0,0,0,0,0,0,0,0,0,0,0,0,0,1,1,0
91.jpg,0,0,0,0,1,1,0,1,1,0,0,0,0,0,0,0,1,0,0,0
92.jpg,0,0,0,0,0,0,1,0,1,0,0,0,0,1,1,0,1,0,0,0
93.jpg,0,0,0,0,1,1,1,0,1,1,0,0,0,0,0,0,1,0,0,1
94.jpg,0,0,0,0,0,1,1,0,1,0,0,0,0,0,0,0,0,0,0,0
95.jpg,0,0,0,0,0,0,0,0,0,0,0,0,0,1,0,0,0,0,0,0
96.jpg,1,0,0,0,1,1,0,0,1,1,0,0,0,1,0,0,1,0,0,0
97.jpg,0,1,1,0,0,0,0,0,0,0,0,0,0,0,0,0,0,0,0,1
98.jpg,0,0,0,0,0,0,0,0,0,0,0,0,0,0,1,0,0,0,0,0
99.jpg,0,0,0,0,1,0,1,0,0,0,0,0,0,0,0,0,1,0,0,0
100.jpg,0,0,0,0,1,0,1,1,0,0,0,0,0,0,0,0,0,0,0,0
101.jpg,0,0,1,0,0,0,1,0,1,0,0,0,0,1,0,0,0,0,0,0
102.jpg,0,0,0,0,0,0,0,0,0,0,0,0,0,0,0,0,0,0,0,1
103.jpg,0,0,0,0,0,1,0,1,0,0,0,0,0,0,0,0,0,0,0,0
104.jpg,0,0,0,0,0,1,1,0,1,0,0,0,0,0,0,0,0,0,0,0
105.jpg,0,0,0,0,0,0,0,0,0,1,0,0,0,0,0,0,1,0,0,0
106.jpg,0,0,0,0,0,0,0,0,1,0,0,0,0,0,0,0,0,0,0,0
107.jpg,0,1,1,0,0,0,0,0,0,0,0,0,0,0,0,0,0,0,0,0
108.jpg,0,0,0,0,0,0,0,0,1,0,0,0,0,0,1,0,0,0,0,0
109.jpg,0,0,0,0,0,0,1,0,0,0,0,0,0,0,0,0,0,0,0,0
110.jpg,0,0,1,0,0,0,0,1,0,0,0,0,0,0,0,0,0,0,0,0
111.jpg,1,1,0,0,0,0,0,0,0,0,0,0,0,0,0,0,0,0,0,0
112.jpg,0,0,0,0,0,1,0,1,0,0,0,0,0,0,0,0,0,0,0,0
113.jpg,0,0,0,0,0,0,1,0,1,0,0,0,0,0,0,0,0,0,0,0
114.jpg,1,0,0,0,0,0,0,0,1,0,0,0,0,0,0,0,0,0,0,0
115.jpg,0,0,0,0,0,1,0,0,1,0,0,0,0,0,0,0,0,0,0,0
116.jpg,0,1,0,0,0,0,0,0,0,0,0,0,0,0,0,0,0,0,0,0
117.jpg,0,0,0,0,0,0,0,1,1,0,0,0,0,0,1,0,0,0,0,0
118.jpg,0,0,0,0,1,0,0,1,0,0,0,0,0,0,0,0,0,0,0,0
119.jpg,0,0,0,0,0,0,0,0,0,0,0,0,0,0,1,0,0,0,0,0
120.jpg,0,0,0,0,0,0,0,1,1,0,0,0,0,0,0,0,0,0,0,0
121.jpg,0,0,0,0,0,0,0,0,1,0,0,0,0,0,0,0,0,0,0,0
122.jpg,0,0,0,0,0,0,0,0,0,0,0,0,0,1,0,0,0,0,0,0
123.jpg,0,0,0,0,0,0,0,0,0,0,0,0,0,1,1,0,0,0,0,0
124.jpg,0,0,0,0,0,0,1,0,0,0,0,0,0,1,0,0,0,0,0,0
125.jpg,0,0,0,0,0,1,0,0,1,0,0,0,0,0,1,0,0,0,0,0
126.jpg,0,0,0,0,0,1,1,0,1,0,0,0,0,0,0,0,0,0,0,0
127.jpg,0,0,0,0,0,0,0,0,1,0,0,0,0,0,0,0,0,0,0,0
128.jpg,0,0,0,0,0,0,0,0,1,1,0,0,0,1,1,0,0,0,0,0
129.jpg,0,0,0,0,0,0,0,0,1,0,0,0,0,0,0,0,0,0,0,0
130.jpg,0,0,0,0,0,0,0,0,0,0,0,0,0,0,1,0,0,0,0,0
131.jpg,0,0,0,0,0,1,0,0,0,0,0,0,0,0,0,0,0,0,0,0
132.jpg,0,0,0,0,0,0,0,0,0,0,0,0,0,1,0,0,0,0,0,0
133.jpg,0,0,1,0,0,0,0,0,0,0,0,0,0,0,0,0,0,0,0,0
134.jpg,0,0,0,0,0,1,0,0,0,0,0,0,0,0,0,0,0,0,0,0
135.jpg,0,0,0,0,0,0,0,0,0,0,0,0,0,0,0,0,1,0,0,0
136.jpg,0,1,0,0,0,0,0,1,0,0,0,0,0,0,0,0,0,0,0,0
137.jpg,0,0,0,0,1,0,0,0,1,0,0,0,0,0,0,0,0,0,0,0
138.jpg,0,0,0,0,0,0,0,0,0,1,0,0,0,0,0,0,0,0,0,0
139.jpg,0,0,0,0,0,0,0,0,0,1,0,0,0,0,0,0,0,0,0,0
140.jpg,0,0,0,0,0,1,1,0,0,1,0,0,0,0,0,0,0,0,0,0
141.jpg,0,1,0,0,1,0,0,0,1,0,0,0,0,0,1,0,0,0,0,0
142.jpg,0,0,0,0,1,1,1,0,0,0,0,0,0,0,0,0,0,0,0,0
143.jpg,1,0,0,0,1,0,0,0,1,0,0,0,0,0,0,0,0,0,0,0
144.jpg,1,0,0,0,0,0,1,1,1,0,0,0,0,0,0,0,0,0,0,0
145.jpg,0,1,0,0,0,0,0,0,1,0,0,0,0,1,0,0,0,0,0,0
146.jpg,0,1,1,0,0,1,0,0,1,0,0,0,0,0,0,0,0,0,0,0
147.jpg,0,0,1,0,0,0,0,0,0,0,0,0,1,0,0,0,0,0,0,0
148.jpg,0,0,1,0,0,0,0,0,0,0,0,0,1,1,0,0,0,0,0,0
149.jpg,1,0,0,0,1,0,0,0,0,0,0,0,0,0,0,0,0,0,0,0
150.jpg,0,0,0,0,0,0,0,1,0,0,0,0,0,0,0,0,0,0,0,1
151.jpg,0,1,0,0,0,0,0,0,0,0,0,0,0,1,0,0,0,0,0,0
152.jpg,0,0,0,0,0,0,0,0,0,0,0,0,0,1,0,0,0,0,0,0
153.jpg,1,0,0,0,0,0,0,0,0,0,0,0,0,0,0,0,0,0,0,0
154.jpg,0,0,0,0,0,0,0,0,0,0,0,0,0,0,0,0,1,0,0,0
155.jpg,0,0,0,0,0,0,0,0,0,0,0,0,0,0,1,0,0,0,0,0
156.jpg,0,1,0,0,0,0,0,0,0,0,0,0,0,0,0,0,0,0,0,0
157.jpg,0,0,0,0,0,0,0,0,0,0,0,0,0,0,1,0,0,0,0,0
158.jpg,0,0,0,0,0,0,0,0,0,0,0,0,0,1,1,0,0,0,0,0
159.jpg,0,0,0,0,0,0,0,0,0,0,0,0,0,0,0,0,0,0,0,1
160.jpg,0,0,0,1,1,0,0,0,0,0,0,0,0,0,0,0,0,0,0,0
161.jpg,0,0,0,0,0,0,0,0,0,0,0,0,0,0,0,0,1,0,0,0
162.jpg,1,0,0,0,0,0,0,0,0,0,0,0,0,0,0,0,0,0,0,0
163.jpg,1,0,0,0,0,0,0,0,0,0,0,0,0,0,0,0,0,0,0,0
164.jpg,0,0,0,0,0,1,0,0,0,0,0,0,0,0,0,0,0,0,0,0
165.jpg,0,0,0,0,0,0,0,0,0,0,0,0,1,0,0,0,0,0,0,0
166.jpg,0,0,1,0,0,0,0,0,0,0,0,0,0,0,0,0,0,0,0,0
167.jpg,0,0,0,0,1,0,0,0,0,0,0,0,0,0,1,0,0,0,0,0
168.jpg,0,0,0,0,0,0,0,0,0,0,0,0,0,0,1,0,0,0,0,0
169.jpg,0,0,0,0,1,0,0,0,0,0,0,0,0,1,0,0,0,0,0,0
170.jpg,1,0,0,0,0,0,0,0,0,0,0,0,0,0,0,0,0,0,0,0
171.jpg,0,0,0,0,0,0,0,0,0,0,0,0,0,1,0,0,0,0,0,0
172.jpg,0,0,0,0,1,0,0,0,0,1,0,0,0,0,0,0,0,0,0,0
173.jpg,0,1,0,0,0,0,1,0,0,0,0,0,0,0,0,0,0,0,0,0
174.jpg,0,0,0,0,0,0,0,0,0,0,0,0,0,0,1,0,0,0,0,0
175.jpg,0,1,0,0,0,0,0,0,0,0,0,0,0,0,0,0,0,0,0,0
176.jpg,1,0,0,0,0,0,0,0,0,0,0,0,1,0,0,0,0,0,0,0
177.jpg,1,0,0,0,0,0,0,0,0,0,0,0,0,0,1,0,0,0,0,0
178.jpg,0,0,0,0,0,0,0,1,0,0,0,0,0,0,0,0,1,0,0,0
179.jpg,0,0,0,0,0,0,0,1,0,0,0,0,0,1,1,0,1,0,0,0
180.jpg,0,0,0,0,0,0,0,0,0,0,0,0,1,0,1,0,0,0,0,0
181.jpg,1,0,0,0,0,0,0,1,0,0,0,0,0,0,0,0,0,0,0,0
182.jpg,0,0,0,0,0,0,0,0,0,0,0,0,0,1,0,0,0,0,0,0
183.jpg,0,0,0,0,0,0,0,0,0,0,0,0,0,0,1,0,0,0,0,0
184.jpg,1,0,0,0,0,0,0,0,0,0,0,0,0,0,0,0,0,0,0,0
185.jpg,1,0,0,0,0,0,0,0,0,0,0,0,0,0,0,0,0,0,0,0
186.jpg,1,0,0,1,0,0,0,0,0,1,0,0,0,0,0,0,0,0,0,0
187.jpg,0,0,0,1,0,0,0,0,0,0,0,0,0,0,0,0,1,0,0,0
188.jpg,0,0,0,1,0,0,1,0,0,0,0,0,0,0,0,0,0,0,0,0
189.jpg,0,0,0,0,0,0,0,1,0,0,0,0,0,0,0,0,0,0,0,0
190.jpg,1,0,0,0,0,0,0,0,0,0,0,0,0,0,0,0,0,0,0,0
191.jpg,0,0,0,0,0,0,0,0,0,0,0,0,0,0,0,0,0,1,1,0
192.jpg,0,0,0,0,0,0,0,0,0,0,0,0,0,0,0,0,0,0,1,0
193.jpg,0,0,0,0,0,0,0,0,0,0,0,0,0,0,0,0,0,0,0,1
194.jpg,0,0,0,0,0,0,0,0,0,0,0,0,0,0,0,0,0,1,0,0
195.jpg,0,0,0,0,0,0,0,0,0,0,0,0,0,0,0,0,0,0,1,0
196.jpg,0,0,0,0,0,0,0,0,0,0,0,0,0,0,0,0,0,1,0,0
197.jpg,0,0,0,0,0,0,0,0,0,0,0,0,0,0,0,0,0,1,0,0
198.jpg,0,0,0,0,0,0,0,0,0,0,0,0,0,0,0,0,0,0,1,0
199.jpg,0,0,0,0,0,0,0,0,0,0,0,0,0,0,0,0,0,0,1,0
200.jpg,0,0,0,0,0,0,0,0,0,0,0,0,0,0,0,0,0,1,0,0
201.jpg,0,0,0,0,0,0,0,0,0,0,0,0,0,0,0,0,0,0,1,0
202.jpg,0,0,0,0,0,0,0,0,0,0,0,0,0,0,0,0,0,0,1,0
203.jpg,0,0,0,0,0,0,0,0,0,0,0,0,0,0,0,0,0,1,0,0
204.jpg,0,0,0,0,0,1,0,0,0,0,0,0,0,0,0,0,0,0,0,0
205.jpg,0,0,0,0,0,0,0,0,0,0,0,0,0,0,0,0,0,1,0,0
206.jpg,0,0,0,0,0,0,1,0,0,1,0,0,0,0,0,0,0,0,0,0
207.jpg,0,0,0,0,0,1,0,0,0,0,0,0,0,0,0,0,0,0,0,0
208.jpg,0,0,0,0,0,0,1,0,1,0,0,0,0,0,0,0,0,0,0,0
209.jpg,0,0,0,0,0,1,0,0,0,0,0,0,0,0,0,0,0,0,0,0
210.jpg,0,0,0,0,0,0,0,0,0,1,0,0,0,0,0,0,0,0,0,0
211.jpg,0,0,0,0,0,0,0,0,0,1,0,0,0,0,0,0,0,0,0,0
212.jpg,0,0,0,0,0,1,0,0,0,0,0,0,0,0,0,0,0,0,0,0
213.jpg,0,0,0,0,0,0,0,0,0,1,0,0,0,0,0,0,0,0,0,0
214.jpg,0,0,0,0,0,1,0,0,1,0,0,0,0,0,0,0,0,0,0,0
215.jpg,0,0,0,0,0,1,1,0,0,0,0,0,0,0,0,0,0,0,0,0
216.jpg,0,0,0,0,0,1,0,0,0,0,0,0,0,0,0,0,0,0,0,0
217.jpg,0,0,0,0,0,0,1,0,0,0,0,0,0,0,0,0,0,0,0,0
218.jpg,0,0,0,0,0,1,0,0,0,0,0,0,0,0,0,0,0,0,0,0
219.jpg,0,0,0,0,0,1,0,0,0,0,0,0,0,0,0,0,0,0,0,0
220.jpg,0,0,0,0,0,0,0,0,0,0,0,0,0,0,0,0,0,1,0,0
221.jpg,0,0,0,0,0,0,0,0,0,0,0,0,0,0,0,0,0,0,1,0
222.jpg,0,0,0,0,0,0,0,0,0,0,0,0,0,0,0,0,0,0,1,0
223.jpg,0,0,0,0,0,0,0,0,0,1,0,0,0,0,0,0,0,0,0,0
224.jpg,0,0,0,0,0,0,0,0,0,1,0,0,0,0,0,0,0,0,0,0
225.jpg,0,0,0,0,0,0,1,0,0,0,0,0,0,0,0,0,0,0,0,0
226.jpg,0,0,0,0,0,0,1,0,0,0,0,0,0,0,0,0,0,0,0,0
227.jpg,0,0,0,0,0,0,0,0,0,1,0,0,0,0,0,0,0,0,0,0
228.jpg,0,1,0,0,0,0,0,0,0,0,0,0,0,1,1,0,0,0,0,0
229.jpg,0,0,0,0,0,0,0,0,0,0,0,0,0,1,0,0,0,0,0,0
230.jpg,1,0,0,0,1,0,1,0,0,0,0,0,1,1,0,0,0,0,0,0
231.jpg,0,0,0,1,0,1,0,0,0,0,0,0,0,0,1,0,0,0,0,0
232.jpg,0,0,1,0,0,0,1,0,0,0,0,0,1,1,0,0,0,0,0,0
233.jpg,0,0,0,0,0,0,0,0,0,1,0,0,0,1,0,0,0,0,0,0
234.jpg,0,0,0,0,0,0,0,0,0,0,0,0,0,0,1,0,0,0,0,0
235.jpg,0,1,0,0,0,0,0,0,0,0,0,0,0,1,0,0,0,0,0,0
236.jpg,1,0,0,0,0,0,0,0,0,0,0,0,0,1,1,0,0,0,0,0
237.jpg,1,0,0,0,0,0,0,0,0,0,0,0,0,0,1,0,0,0,0,0
238.jpg,0,0,0,0,0,0,0,0,0,0,0,0,1,0,0,0,1,0,0,0
239.jpg,1,0,0,0,0,0,0,0,0,0,0,0,0,0,0,0,0,0,0,0
240.jpg,0,1,1,0,0,0,0,0,0,0,0,0,0,0,0,0,0,0,0,0
241.jpg,0,0,0,0,0,1,0,0,0,0,0,0,0,0,0,0,0,0,0,0
242.jpg,0,0,0,0,0,0,1,0,0,1,0,0,0,0,0,0,0,0,0,0
243.jpg,0,0,0,0,0,0,1,0,0,0,0,0,0,0,0,0,0,0,0,0
244.jpg,0,0,1,0,0,0,0,0,0,0,0,0,0,0,0,0,0,0,0,0
245.jpg,0,0,0,0,0,1,0,0,0,0,0,0,0,1,0,0,0,0,0,0
246.jpg,0,0,0,0,0,0,0,0,0,0,0,0,0,1,0,0,0,0,0,0
247.jpg,0,0,0,0,0,0,0,0,0,0,0,0,0,0,0,0,1,0,0,0
248.jpg,0,0,0,0,0,0,0,0,0,0,0,0,0,0,0,0,0,0,0,1
249.jpg,1,0,0,0,0,0,0,0,0,0,0,0,0,0,0,0,0,0,0,0
250.jpg,0,0,0,0,0,0,0,0,0,0,0,0,0,0,1,0,0,0,0,0
251.jpg,1,0,0,0,0,0,0,0,0,0,0,0,0,0,1,0,0,0,0,0
252.jpg,1,0,0,0,0,0,0,0,0,0,0,0,0,1,0,0,0,0,0,1
253.jpg,1,0,0,0,0,0,0,0,0,0,0,0,0,0,0,0,0,0,0,1
254.jpg,0,0,0,0,0,0,0,0,0,0,0,0,0,0,0,0,0,0,0,1
255.jpg,0,0,0,0,1,0,0,0,0,0,0,0,0,0,0,0,0,0,0,0
256.jpg,1,0,0,0,0,0,0,0,0,0,0,0,0,1,0,0,0,0,0,0
257.jpg,1,0,0,0,1,0,0,0,0,0,0,0,0,0,0,0,0,0,0,0
258.jpg,0,0,0,0,1,0,0,0,0,0,0,0,0,1,0,0,0,0,0,0
259.jpg,0,0,0,0,0,0,0,0,0,0,0,0,1,0,0,0,0,0,0,0
260.jpg,0,0,0,0,0,0,0,0,0,0,0,0,1,0,0,0,0,0,0,0
261.jpg,0,0,0,0,0,0,1,0,0,0,0,0,0,0,0,0,0,0,0,0
262.jpg,0,0,0,0,0,1,0,0,0,0,0,0,0,0,0,0,0,0,0,0
263.jpg,0,0,0,0,0,1,0,0,0,0,0,0,0,0,0,0,0,0,0,0
264.jpg,0,0,0,0,0,1,0,0,0,0,0,0,0,0,0,0,0,0,0,0
265.jpg,0,0,0,0,0,1,0,0,0,0,0,0,0,0,0,0,0,0,0,0
266.jpg,0,0,0,0,0,0,0,0,0,0,0,0,0,0,0,0,0,1,0,0
267.jpg,0,0,0,0,0,0,1,0,0,0,0,0,0,0,0,0,0,0,0,0
268.jpg,0,0,0,0,0,1,0,0,1,0,0,0,0,0,0,0,0,0,0,0
269.jpg,0,0,0,0,0,1,0,0,0,0,0,0,0,0,0,0,0,0,0,0
270.jpg,0,0,0,0,0,0,0,0,1,0,0,0,0,0,0,0,0,0,0,0
271.jpg,0,0,0,0,0,1,0,0,1,0,0,0,0,0,0,0,0,0,0,0
272.jpg,0,0,0,0,0,0,1,0,0,0,0,0,0,0,0,0,0,0,0,0
273.jpg,0,0,0,0,0,0,0,0,0,1,0,0,0,0,0,0,0,0,0,0
274.jpg,0,0,0,0,0,0,0,0,0,1,0,0,0,0,0,0,0,0,0,0
275.jpg,0,0,0,0,0,1,0,0,0,0,0,0,0,0,0,0,0,0,0,0
276.jpg,0,0,0,1,0,0,0,0,0,0,0,0,0,0,0,0,0,0,0,0
277.jpg,0,0,0,0,0,1,0,0,0,0,0,0,0,0,0,0,0,0,0,0
278.jpg,0,0,0,0,0,1,0,0,0,0,0,0,0,0,0,0,0,0,0,0
279.jpg,0,0,0,0,0,0,1,0,0,0,0,0,0,0,0,0,0,0,0,0
280.jpg,0,0,0,0,0,1,0,0,0,0,0,0,0,0,0,0,0,0,0,0
281.jpg,0,0,0,0,0,1,0,0,0,0,0,0,0,0,0,0,0,0,0,0
282.jpg,0,0,0,0,0,1,0,0,0,0,0,0,0,0,0,0,0,0,0,0
283.jpg,0,0,0,0,0,1,0,0,1,0,0,0,0,0,0,0,0,0,0,0
284.jpg,0,0,0,0,0,0,0,0,1,0,0,0,0,0,0,0,0,0,0,0
285.jpg,0,0,0,0,0,1,0,0,0,0,0,0,0,0,0,0,0,0,0,0
286.jpg,0,0,0,0,0,1,0,0,0,0,0,0,0,0,0,0,0,0,0,0
287.jpg,0,0,0,0,0,0,0,0,1,0,0,0,0,0,0,0,0,0,0,0
288.jpg,0,0,0,0,0,1,0,0,0,0,0,0,0,0,0,0,0,0,0,0
289.jpg,1,0,0,0,0,0,0,0,0,0,0,0,0,0,0,0,1,0,0,0
290.jpg,0,0,0,0,0,0,0,0,0,0,0,0,0,1,0,0,0,0,0,0
291.jpg,0,0,0,1,0,1,0,0,0,0,0,0,0,0,0,0,0,0,0,0
292.jpg,0,0,1,0,0,0,0,1,0,0,0,0,0,0,0,0,1,0,0,0
293.jpg,0,0,0,0,0,1,0,0,0,0,0,0,0,0,0,0,0,0,0,1
294.jpg,0,0,0,0,0,0,0,0,0,0,0,0,0,0,1,0,0,0,0,0
295.jpg,0,0,0,0,0,0,1,0,1,1,0,0,0,0,0,0,0,0,0,0
296.jpg,0,0,0,0,0,0,1,0,0,0,0,0,0,0,0,0,0,0,0,1
297.jpg,0,0,0,0,0,0,0,0,0,1,0,0,0,0,0,0,0,0,0,0
298.jpg,0,0,0,0,0,0,1,0,0,0,0,0,0,0,0,0,0,0,0,0
299.jpg,0,0,0,0,0,0,0,0,0,0,0,0,0,0,0,0,0,0,0,1
300.jpg,0,0,0,0,0,0,1,0,0,0,0,0,0,0,0,0,0,0,0,0
301.jpg,0,0,1,0,1,0,0,0,0,0,0,0,0,0,0,0,1,0,0,0
302.jpg,0,0,0,0,0,0,0,0,0,0,0,0,0,0,0,0,0,0,0,1
303.jpg,0,0,0,0,0,0,1,0,0,0,0,0,0,0,1,0,0,0,0,0
304.jpg,0,0,0,0,0,0,0,0,0,1,0,0,0,0,0,0,0,0,0,1
305.jpg,0,0,0,0,0,0,1,0,0,0,0,0,0,0,0,0,0,0,0,0
306.jpg,0,0,0,0,0,0,1,0,1,0,0,0,0,0,0,0,0,0,0,0
307.jpg,0,0,0,0,0,0,0,0,1,0,0,0,0,0,0,0,0,0,0,0
308.jpg,0,0,0,0,0,0,0,0,0,1,0,0,0,0,0,0,0,0,0,0
309.jpg,0,1,0,0,1,0,0,1,0,0,0,0,0,0,0,0,0,0,0,0
310.jpg,0,0,0,0,0,1,1,0,1,0,0,0,0,0,0,0,0,0,0,0
311.jpg,0,0,0,0,0,0,0,0,0,0,0,0,0,0,0,0,0,0,0,1
312.jpg,0,0,0,0,1,0,1,0,0,0,0,0,0,0,0,0,0,0,0,0
313.jpg,1,0,0,0,0,0,0,0,0,0,0,0,0,1,0,0,0,0,0,0
314.jpg,0,0,0,0,0,0,0,0,0,0,0,0,0,1,0,0,0,0,0,0
315.jpg,1,0,0,0,0,0,0,0,0,0,0,0,0,0,0,0,0,0,0,0
316.jpg,0,0,0,0,0,0,0,0,0,0,0,0,0,1,1,0,0,0,0,0
317.jpg,0,1,1,0,0,0,0,0,0,0,0,0,0,0,0,0,0,0,0,0
318.jpg,0,0,0,0,0,0,1,0,0,0,0,0,0,0,0,0,0,0,0,0
319.jpg,0,0,0,0,0,1,0,0,0,1,0,0,0,0,0,0,0,0,0,0
320.jpg,0,0,0,0,0,0,1,0,0,0,0,0,0,0,0,0,0,0,0,0
321.jpg,0,0,0,0,0,0,0,0,0,0,0,0,1,0,0,0,0,0,0,0
322.jpg,0,0,0,0,0,0,0,0,0,0,0,0,1,0,0,0,0,0,0,0
323.jpg,0,0,0,0,0,0,0,0,0,0,0,0,1,0,0,0,0,0,0,0
324.jpg,0,0,0,0,0,0,0,0,0,0,0,0,0,0,0,0,1,0,0,0
325.jpg,0,0,0,0,0,0,0,0,0,0,0,0,0,0,0,0,1,0,0,0
326.jpg,0,0,0,0,0,0,0,0,0,0,0,1,0,0,0,0,0,0,0,0
327.jpg,0,0,0,0,0,0,0,0,0,0,0,1,0,0,0,0,0,0,0,0
328.jpg,0,0,0,0,0,0,0,0,0,0,0,1,0,0,0,0,0,0,0,0
329.jpg,0,0,0,0,0,0,0,0,0,0,0,1,0,0,0,0,0,0,0,0
330.jpg,0,0,0,0,0,0,0,0,0,0,0,1,0,0,0,1,0,0,0,0
331.jpg,0,0,0,0,0,1,0,0,0,0,0,1,0,0,0,0,0,0,0,0
332.jpg,0,0,0,0,0,1,0,0,1,0,0,1,0,0,0,0,0,0,0,0
333.jpg,0,0,0,0,0,0,0,0,0,0,0,1,0,0,0,0,0,0,0,0
334.jpg,0,0,0,0,0,1,0,0,0,0,0,1,0,0,0,0,0,0,0,0
335.jpg,0,0,0,0,0,0,0,0,0,0,0,1,0,0,0,0,0,0,0,0
336.jpg,0,0,0,0,0,0,0,0,0,0,0,1,0,0,0,0,0,0,0,0
337.jpg,0,0,0,0,0,0,0,0,0,0,0,1,0,0,0,0,0,0,0,0
338.jpg,0,0,0,0,0,0,0,0,0,0,0,1,0,0,0,0,0,0,0,0
339.jpg,0,0,0,0,0,0,0,0,0,0,0,0,1,0,0,0,0,0,0,0
340.jpg,0,0,0,0,0,0,0,0,0,0,0,0,1,0,0,0,0,0,0,0
341.jpg,0,0,0,0,0,0,0,0,1,0,0,0,1,0,1,0,0,0,0,0
342.jpg,0,0,0,0,0,0,0,0,0,0,0,0,0,0,0,0,0,0,0,1
343.jpg,0,0,0,0,0,0,0,0,0,0,0,0,1,0,0,0,0,0,0,0
344.jpg,0,0,0,0,0,0,0,0,0,0,0,0,1,0,0,0,0,0,0,0
345.jpg,0,0,0,0,0,0,0,0,0,0,0,0,1,0,0,0,0,0,0,0
346.jpg,0,0,0,0,0,0,0,0,0,0,0,0,1,0,0,0,0,0,0,0
347.jpg,0,0,0,0,0,0,0,1,0,0,0,0,0,0,0,0,0,0,0,0
348.jpg,0,0,0,0,0,0,0,1,0,0,0,0,0,0,0,0,0,0,0,0
349.jpg,0,0,0,0,0,0,0,1,0,0,0,0,0,0,0,0,0,0,0,0
350.jpg,0,0,0,0,0,0,0,1,0,0,0,0,0,0,0,0,0,0,0,0
351.jpg,0,0,0,0,0,0,0,1,0,0,0,0,0,0,0,0,0,0,0,0
352.jpg,0,0,0,0,0,0,0,1,0,0,0,0,0,0,0,0,0,0,0,0
353.jpg,0,0,0,0,0,0,0,1,0,0,0,0,0,0,0,0,0,0,0,0
354.jpg,0,0,0,0,0,0,0,1,0,0,0,0,0,0,0,0,0,0,0,0
355.jpg,0,0,0,0,0,0,0,1,0,0,0,0,0,0,0,0,0,0,0,0
356.jpg,0,0,0,0,0,0,0,1,0,0,0,0,0,0,0,0,0,0,0,0
357.jpg,0,0,0,0,0,0,0,1,0,0,0,0,0,0,0,0,0,0,0,0
358.jpg,0,0,0,0,0,0,0,1,0,0,0,0,0,0,0,0,0,0,0,0
359.jpg,0,0,0,0,0,0,0,1,0,0,0,0,0,0,0,0,0,0,0,0
360.jpg,0,0,0,0,0,0,0,1,0,0,0,0,0,0,0,0,0,0,0,0
361.jpg,0,0,0,0,0,0,0,1,0,0,0,0,0,0,0,0,0,0,0,0
362.jpg,0,0,0,0,0,0,0,1,0,0,0,0,0,0,0,0,0,0,0,0
363.jpg,0,0,1,0,0,0,0,0,1,0,0,0,0,0,0,0,0,0,0,0
364.jpg,0,0,0,0,1,0,1,0,1,0,0,0,0,0,0,0,0,0,0,0
365.jpg,0,0,0,0,1,0,0,0,0,0,0,1,0,0,0,0,0,0,0,0
366.jpg,0,0,0,0,0,0,0,0,0,0,0,1,0,0,0,0,0,0,0,0
367.jpg,0,0,0,0,0,0,0,0,0,0,0,1,0,0,0,0,0,0,0,0
368.jpg,0,0,0,0,0,0,0,0,0,0,0,1,0,0,0,0,0,0,0,0
369.jpg,0,0,0,0,1,0,0,0,0,0,0,1,0,0,0,0,0,0,0,0
370.jpg,0,0,0,0,0,0,0,0,0,0,0,1,0,0,0,0,0,0,0,0
371.jpg,0,0,0,0,0,0,0,0,0,0,0,1,0,0,0,0,0,0,0,0
372.jpg,0,0,0,0,0,0,0,0,0,0,0,1,0,0,0,0,0,0,0,0
373.jpg,0,0,0,0,0,0,0,0,0,0,0,1,0,0,0,0,0,0,0,0
374.jpg,0,0,0,0,0,0,0,0,0,0,0,1,0,0,0,0,0,0,0,0
375.jpg,0,0,0,0,0,0,0,0,0,0,0,1,0,0,0,0,0,0,0,0
376.jpg,0,0,0,0,0,0,0,0,0,0,0,1,0,0,0,0,0,0,0,0
377.jpg,0,0,0,0,0,0,0,0,0,0,0,1,0,0,0,0,0,0,0,0
378.jpg,0,0,0,0,0,0,0,0,0,0,0,0,1,0,0,0,0,0,0,0
379.jpg,0,0,0,0,0,0,0,0,0,0,0,0,1,0,0,0,0,0,0,0
380.jpg,0,0,0,0,0,0,0,0,0,0,0,0,1,0,0,0,0,0,0,0
381.jpg,0,1,0,0,0,0,0,0,0,0,0,0,0,0,0,0,0,0,0,0
382.jpg,0,1,0,0,0,0,0,0,0,0,0,0,0,0,0,0,0,0,0,0
383.jpg,0,1,0,0,0,0,0,0,0,0,0,0,0,0,0,0,0,0,0,0
384.jpg,0,1,0,0,0,0,0,0,0,0,0,0,0,0,0,0,0,0,0,0
385.jpg,0,0,0,0,0,0,0,1,0,0,0,0,0,0,0,0,0,0,0,0
386.jpg,0,1,0,0,0,0,0,0,0,0,0,0,0,0,0,0,0,0,0,0
387.jpg,0,0,0,0,0,0,0,0,0,0,0,0,1,0,0,0,0,0,0,0
388.jpg,0,0,0,0,0,0,0,0,0,0,0,0,1,0,0,0,0,0,0,0
389.jpg,0,0,0,0,1,0,0,0,0,0,0,0,0,0,0,0,0,0,0,0
390.jpg,0,0,0,0,0,0,0,0,0,0,0,0,1,0,0,0,0,0,0,0
391.jpg,0,0,0,0,0,0,0,0,0,0,0,1,0,0,0,0,0,0,0,0
392.jpg,0,0,0,0,0,0,0,0,0,0,0,1,0,0,0,0,0,0,0,0
393.jpg,0,0,0,0,0,0,0,0,0,0,0,1,0,0,0,1,0,0,0,0
394.jpg,0,0,0,0,0,0,0,0,0,0,1,1,0,0,0,0,0,0,0,0
395.jpg,0,0,0,0,0,0,0,0,0,0,1,1,0,0,0,1,0,0,0,0
396.jpg,0,0,0,0,0,0,0,0,0,0,0,0,0,0,0,1,0,0,0,0
397.jpg,0,0,0,0,0,0,0,0,0,0,1,1,0,0,0,0,0,0,0,0
398.jpg,0,0,0,0,0,0,0,0,0,0,0,1,0,0,0,0,0,0,0,0
399.jpg,0,0,0,0,0,0,0,0,0,0,0,1,0,0,0,0,0,0,0,0
400.jpg,0,0,0,0,0,0,0,0,0,0,1,0,0,0,0,1,0,0,0,0
401.jpg,0,0,0,0,0,0,0,0,0,0,1,1,0,0,0,0,0,0,0,0
402.jpg,0,0,0,0,0,0,0,0,0,0,1,0,0,0,0,0,0,0,0,0
403.jpg,0,0,0,0,0,0,0,0,0,0,1,0,0,0,0,0,0,0,0,0
404.jpg,0,0,0,0,0,0,0,0,0,0,0,1,0,0,0,0,0,0,0,0
405.jpg,0,0,0,0,0,0,0,0,0,0,1,0,0,0,0,0,0,0,0,0
406.jpg,0,0,0,0,0,0,0,0,0,0,0,0,0,0,0,1,0,0,0,0
407.jpg,0,0,0,0,0,0,0,0,0,0,1,0,0,0,0,0,0,0,0,0
408.jpg,0,0,0,0,0,0,0,0,0,0,1,0,0,0,0,0,0,0,0,0
409.jpg,0,0,0,0,0,0,0,0,0,0,1,0,0,0,0,0,0,0,0,0
410.jpg,0,0,0,0,0,0,0,0,0,0,1,0,0,0,0,0,0,0,0,0
411.jpg,0,0,0,0,0,0,0,0,0,0,1,1,0,0,0,0,0,0,0,0
412.jpg,0,0,0,0,0,0,0,0,0,0,1,0,0,0,0,0,0,0,0,0
413.jpg,0,0,0,0,0,0,0,0,0,0,1,0,0,0,0,0,0,0,0,0
414.jpg,0,0,0,0,0,0,0,0,0,0,1,0,0,0,0,0,0,0,0,0
415.jpg,0,0,0,0,0,0,0,0,0,0,1,0,0,0,0,0,0,0,0,0
416.jpg,0,0,0,0,0,0,0,0,0,0,1,0,0,0,0,0,0,0,0,0
417.jpg,0,0,0,0,0,0,0,0,0,0,1,0,0,0,0,0,0,0,0,0
418.jpg,0,0,0,0,0,0,0,0,0,0,1,0,0,0,0,0,0,0,0,0
419.jpg,0,0,0,0,0,0,0,0,0,0,1,0,0,0,0,0,0,0,0,0
420.jpg,0,0,0,0,0,0,0,0,0,0,1,0,0,0,0,1,0,0,0,0
421.jpg,0,0,0,0,0,0,0,0,0,0,1,1,0,0,0,0,0,0,0,0
422.jpg,0,0,0,0,0,0,0,0,0,0,1,0,0,0,0,0,0,0,0,0
423.jpg,0,0,0,0,0,0,0,0,0,0,0,1,0,0,0,0,0,0,0,0
424.jpg,0,0,0,0,0,0,0,0,0,0,1,0,0,0,0,0,0,0,0,0
425.jpg,0,0,0,0,0,0,0,0,0,0,1,0,0,0,0,0,0,0,0,0
426.jpg,0,0,0,0,0,0,0,0,0,1,0,0,0,0,0,0,0,0,0,0
427.jpg,0,0,0,0,0,0,0,0,0,0,1,0,0,0,0,0,0,0,0,0
428.jpg,0,0,0,0,0,0,0,0,0,0,1,0,0,0,0,0,0,0,0,0
429.jpg,1,0,0,0,0,0,0,0,0,0,0,0,0,0,0,0,0,0,0,0
430.jpg,0,0,0,0,0,0,0,0,0,0,1,0,0,0,0,0,0,0,0,0
431.jpg,0,0,0,0,0,0,0,0,0,0,1,0,0,0,0,1,0,0,0,0
432.jpg,0,0,0,0,0,0,0,0,0,0,0,1,0,0,0,0,0,0,0,0
433.jpg,0,0,0,0,0,0,0,0,0,0,1,1,0,0,0,0,0,0,0,0
434.jpg,0,0,0,0,0,0,0,0,0,0,1,1,0,0,0,0,0,0,0,0
435.jpg,0,0,0,0,0,0,0,0,0,0,0,1,0,0,0,1,0,0,0,0
436.jpg,0,0,0,0,0,0,0,0,0,0,1,0,0,0,0,0,0,0,0,0
437.jpg,0,0,0,0,0,0,0,0,0,0,1,0,0,0,0,0,0,0,0,0
438.jpg,0,0,0,0,0,0,0,0,0,0,1,0,0,0,0,0,0,0,0,0
439.jpg,0,0,0,0,0,0,0,0,0,0,1,0,0,0,0,0,0,0,0,0
440.jpg,0,0,0,0,0,0,0,0,0,0,1,0,0,0,0,0,0,0,0,0
441.jpg,0,0,0,0,0,0,0,0,0,0,1,0,0,0,0,0,0,0,0,0
442.jpg,0,0,0,0,0,0,0,0,0,0,1,0,0,0,0,0,0,0,0,0
443.jpg,0,0,0,0,0,0,0,0,0,0,1,0,0,0,0,0,0,0,0,0
444.jpg,0,0,0,0,0,0,0,0,0,0,1,0,0,0,0,0,0,0,0,0
445.jpg,0,0,0,0,0,0,0,0,0,0,1,0,0,0,0,0,0,0,0,0
446.jpg,0,0,0,0,0,0,0,0,0,0,1,0,0,0,0,0,0,0,0,0
447.jpg,0,0,0,0,0,0,0,0,0,0,1,0,0,0,0,0,0,0,0,0
448.jpg,0,0,0,0,0,0,0,0,0,0,0,1,0,0,0,0,0,0,0,0
449.jpg,0,0,0,0,0,0,0,0,0,0,1,0,0,0,0,0,0,0,0,0
450.jpg,0,0,0,0,0,0,0,0,0,0,0,0,0,0,0,0,1,0,0,0
451.jpg,0,0,0,0,0,0,0,0,0,0,0,0,0,0,0,0,1,0,0,0
452.jpg,0,0,0,0,0,0,0,0,0,0,0,0,0,0,0,0,1,0,0,0
453.jpg,0,0,0,0,0,0,0,0,0,1,0,0,0,0,0,0,0,0,0,0
454.jpg,0,0,0,0,0,0,0,1,0,0,0,0,0,0,0,0,0,0,0,0
455.jpg,0,0,0,0,0,0,0,0,0,1,0,0,0,0,0,0,0,0,0,0
456.jpg,0,0,0,0,1,0,0,0,0,1,0,0,0,0,0,0,0,0,0,0
457.jpg,0,0,0,0,0,0,0,0,0,1,0,0,0,0,0,0,0,0,0,0
458.jpg,0,0,0,0,0,0,0,0,0,1,0,0,0,0,0,0,0,0,0,0
459.jpg,0,0,0,0,0,0,0,0,0,1,0,0,0,0,0,0,0,0,0,0
460.jpg,0,0,0,0,1,0,0,0,0,1,0,0,0,0,0,0,1,0,0,0
461.jpg,0,0,0,0,0,0,0,0,0,1,0,0,0,0,0,0,0,0,0,0
462.jpg,1,0,0,0,0,0,0,0,0,0,0,0,0,0,0,0,0,0,0,0
463.jpg,0,0,0,0,0,0,0,0,0,0,1,0,0,0,0,0,0,0,0,0
464.jpg,0,0,0,0,0,0,0,0,0,0,0,0,1,0,0,0,0,0,0,0
465.jpg,1,0,0,0,0,0,0,0,0,0,0,0,0,0,0,0,0,0,0,0
466.jpg,1,0,0,0,0,0,0,0,0,1,0,0,0,0,0,0,0,0,0,0
467.jpg,0,0,0,0,0,0,0,0,0,1,0,0,0,0,0,0,0,0,0,0
468.jpg,1,0,0,0,0,0,0,0,0,1,0,0,0,0,0,0,0,0,0,0
469.jpg,0,0,0,0,0,0,0,0,0,1,0,0,0,0,0,0,0,0,0,0
470.jpg,0,0,0,0,0,0,0,0,0,1,0,0,0,0,0,0,0,0,0,0
471.jpg,0,0,0,0,0,0,0,0,0,1,0,0,0,0,0,0,1,0,0,0
472.jpg,0,0,0,0,0,0,0,0,0,0,0,0,0,0,0,0,1,0,0,0
473.jpg,0,0,0,0,0,0,0,0,0,0,0,0,1,0,0,0,0,0,0,0
474.jpg,1,0,0,0,0,0,0,0,0,0,0,0,1,0,0,0,0,0,0,0
475.jpg,0,0,0,0,0,0,0,0,0,1,0,0,0,0,0,0,0,0,0,0
476.jpg,1,0,0,0,0,0,0,0,0,0,0,0,1,0,0,0,0,0,0,0
477.jpg,0,0,0,0,0,0,0,0,0,0,0,0,1,0,0,0,0,0,0,0
478.jpg,0,0,0,0,0,1,1,0,1,0,0,0,0,0,0,0,0,0,0,0
479.jpg,0,0,0,0,0,0,0,0,0,0,1,0,0,0,0,1,0,0,0,0
480.jpg,0,0,0,0,1,0,0,0,0,0,0,0,0,0,0,1,0,0,0,0
481.jpg,0,0,0,0,0,0,1,0,0,0,0,1,0,0,0,0,0,0,0,0
482.jpg,0,0,0,0,0,0,0,0,0,0,0,1,0,0,0,0,0,0,0,0
483.jpg,0,0,0,0,0,0,0,0,0,0,0,0,0,0,0,1,0,0,0,0
484.jpg,0,0,0,0,0,0,0,0,0,0,0,0,0,0,0,1,0,0,0,0
485.jpg,0,0,0,0,0,0,0,0,0,0,0,0,0,0,0,1,0,0,0,0
486.jpg,0,0,0,0,0,0,0,0,0,0,0,0,0,0,0,1,0,0,0,0
487.jpg,0,0,0,0,0,0,0,0,0,0,0,0,0,0,0,1,0,0,0,0
488.jpg,0,0,0,0,0,0,0,1,0,0,0,0,0,0,0,1,0,0,0,0
489.jpg,0,0,0,0,0,0,0,0,0,0,0,0,0,0,0,1,0,0,0,0
490.jpg,0,0,0,0,0,0,0,0,0,0,0,0,0,0,0,1,0,0,0,0
491.jpg,0,0,0,0,0,0,0,0,0,0,0,0,0,0,0,1,0,0,0,0
492.jpg,0,0,0,0,1,0,0,0,0,0,0,0,0,0,0,1,0,0,0,0
493.jpg,0,0,0,0,0,0,0,0,0,0,0,0,0,0,0,1,0,0,0,0
494.jpg,0,1,0,0,0,0,0,0,0,0,0,0,0,0,0,1,0,0,0,0
495.jpg,0,1,0,0,0,0,0,0,0,0,0,0,0,0,0,1,0,0,0,0
496.jpg,0,0,0,0,0,0,0,0,0,0,0,0,0,0,0,1,0,0,0,0
497.jpg,0,0,0,0,0,0,0,0,0,0,0,0,0,0,0,1,0,0,0,0
498.jpg,0,0,0,0,0,0,0,0,0,0,0,0,0,0,0,1,0,0,0,0
499.jpg,0,1,0,0,0,0,0,0,0,0,0,0,0,0,0,1,0,0,0,0
500.jpg,0,0,0,0,0,0,0,0,0,0,0,0,0,0,0,1,0,0,0,0
501.jpg,0,0,0,0,0,0,0,0,0,0,0,0,0,0,0,1,0,0,0,0
502.jpg,0,0,0,0,0,0,0,0,0,0,0,0,0,0,0,1,0,0,0,0
503.jpg,0,0,0,0,0,0,0,0,0,0,0,0,0,0,0,1,0,0,0,0
504.jpg,0,0,0,0,0,0,0,0,0,0,0,0,0,0,0,1,0,0,0,0
505.jpg,0,0,0,0,0,0,0,0,0,0,0,0,0,0,0,1,0,0,0,0
506.jpg,0,0,0,0,0,0,0,0,0,0,0,0,0,0,0,1,0,0,0,0
507.jpg,0,0,0,0,0,0,0,0,0,0,0,0,0,0,0,1,0,0,0,0
508.jpg,0,0,0,0,0,0,0,0,0,0,0,1,0,0,0,0,0,0,0,0
509.jpg,0,0,0,0,0,0,0,0,0,0,0,0,0,0,0,1,0,0,0,0
510.jpg,0,0,0,0,0,0,0,0,0,0,0,0,0,0,0,1,0,0,0,0
511.jpg,0,0,0,0,0,0,0,0,0,0,0,0,0,0,0,1,0,0,0,0
512.jpg,0,0,0,0,0,0,0,0,0,0,0,0,0,0,0,1,0,0,0,0
513.jpg,0,0,0,0,0,0,0,0,0,0,0,0,0,0,0,1,0,0,0,0
514.jpg,0,0,0,0,0,0,0,0,0,0,0,0,0,0,0,1,0,0,0,0
515.jpg,0,0,0,0,0,0,0,0,0,0,0,0,0,0,0,1,0,0,0,0
516.jpg,0,0,0,0,0,0,0,0,0,0,0,0,0,0,0,1,0,0,0,0
517.jpg,0,0,0,0,0,0,0,0,0,0,0,0,0,0,0,1,0,0,0,0
518.jpg,0,0,0,0,0,0,0,0,0,0,0,0,0,0,0,1,0,0,0,0
519.jpg,0,0,0,0,0,0,0,0,0,0,0,0,0,0,0,1,0,0,0,0
520.jpg,0,0,0,0,0,0,0,0,0,0,0,0,0,0,0,1,0,0,0,0
521.jpg,0,0,0,0,0,0,0,0,0,0,0,0,0,0,0,1,0,0,0,0
522.jpg,0,0,0,0,0,0,0,0,0,0,0,0,0,0,0,1,0,0,0,0
523.jpg,0,0,0,0,0,0,0,0,0,1,0,0,0,0,0,1,0,0,0,0
524.jpg,0,0,0,0,0,0,0,0,0,0,0,0,0,0,0,1,0,0,0,0
525.jpg,0,0,0,0,0,0,0,0,0,0,0,0,0,0,0,1,0,0,0,0
526.jpg,0,0,0,0,0,1,0,0,0,0,0,0,0,0,0,1,0,0,0,0
527.jpg,0,0,0,0,0,0,0,0,0,0,0,0,0,0,0,1,0,0,0,0
528.jpg,0,1,0,0,0,0,0,0,0,0,0,0,0,0,0,1,0,0,0,0
529.jpg,0,0,0,0,0,0,0,0,0,0,0,0,0,0,0,1,0,0,0,0
530.jpg,0,1,0,0,0,0,0,0,0,0,0,0,0,0,0,0,0,0,0,0
531.jpg,0,1,0,0,0,0,0,0,0,0,0,0,0,0,0,0,0,0,0,0
532.jpg,0,1,0,0,0,0,0,0,0,0,0,0,0,0,0,0,0,0,0,0
533.jpg,0,1,0,0,0,0,0,0,0,0,0,0,0,0,0,0,0,0,0,0
534.jpg,0,1,0,0,0,0,0,0,0,0,0,0,0,0,0,0,0,0,0,0
535.jpg,0,1,0,0,0,0,0,0,0,0,0,0,0,0,0,0,0,0,0,0
536.jpg,0,1,0,0,0,0,0,0,0,0,0,0,0,0,0,0,0,0,0,0
537.jpg,0,1,1,0,0,0,0,0,0,0,0,0,0,0,0,0,0,0,0,0
538.jpg,0,1,0,0,0,0,0,0,0,0,0,0,0,0,0,0,0,0,0,0
539.jpg,0,1,0,0,0,0,0,0,0,0,0,0,0,0,0,0,0,0,0,0
540.jpg,0,1,0,0,0,0,0,0,0,0,0,0,0,0,0,0,0,0,0,0
541.jpg,0,1,0,0,0,0,0,0,0,0,0,0,0,0,0,0,0,0,0,0
542.jpg,0,1,0,0,0,0,0,0,0,0,0,0,0,0,0,0,0,0,0,0
543.jpg,0,1,0,0,0,0,0,0,0,0,0,0,0,0,0,0,0,0,0,0
544.jpg,0,1,0,0,0,0,0,0,0,0,0,0,0,0,0,0,0,0,0,0
545.jpg,0,1,0,0,0,0,0,0,0,0,0,0,0,0,0,0,0,0,0,0
546.jpg,0,1,0,0,0,0,0,0,0,0,0,0,0,0,0,0,0,0,0,0
547.jpg,0,1,0,0,0,0,0,0,0,0,0,0,0,0,0,0,0,0,0,0
548.jpg,0,1,0,0,0,0,0,0,0,0,0,0,0,0,0,0,0,0,0,0
549.jpg,0,1,0,0,0,0,0,0,0,0,0,0,0,0,0,0,0,0,0,0
550.jpg,0,0,0,0,0,0,0,0,0,0,1,0,0,0,0,0,0,0,0,0
551.jpg,0,1,0,0,0,0,0,0,0,0,0,0,0,0,0,0,0,0,0,0
552.jpg,0,0,1,0,0,0,0,0,0,0,0,0,0,0,0,0,0,0,0,0
553.jpg,0,0,1,0,0,0,0,0,0,0,0,0,0,0,0,0,0,0,0,0
554.jpg,0,0,1,0,0,0,1,0,0,0,0,0,0,0,0,0,0,0,0,0
555.jpg,0,0,1,0,0,0,0,0,0,0,0,0,0,0,0,0,0,0,0,0
556.jpg,0,0,1,0,0,0,0,0,0,0,0,0,0,0,0,0,0,0,0,0
557.jpg,0,0,1,0,0,0,0,0,0,0,0,0,0,0,0,0,0,0,0,0
558.jpg,0,0,1,0,0,0,0,0,1,0,0,0,0,0,0,0,0,0,0,0
559.jpg,0,0,1,0,0,0,0,0,0,0,0,0,0,0,0,0,0,0,0,0
560.jpg,0,0,1,0,0,0,0,0,0,0,0,0,0,0,0,0,0,0,0,0
561.jpg,0,0,1,0,0,0,0,0,0,0,0,0,0,0,0,0,0,0,0,0
562.jpg,0,0,1,0,0,0,0,0,0,0,0,0,0,0,0,0,0,0,0,0
563.jpg,0,0,1,0,0,0,0,0,0,0,0,0,0,0,0,0,0,0,0,0
564.jpg,0,0,1,0,0,0,0,0,0,0,0,0,0,0,0,0,0,0,0,0
565.jpg,0,1,1,0,0,0,0,0,0,1,0,0,0,0,0,0,0,0,0,0
566.jpg,0,0,1,0,0,0,0,0,0,1,0,0,0,0,0,0,0,0,0,0
567.jpg,0,0,1,0,0,0,0,0,0,0,0,0,0,0,0,0,0,0,0,0
568.jpg,0,0,1,0,0,0,0,0,0,0,0,0,0,0,0,0,0,0,0,0
569.jpg,0,0,1,0,0,0,0,0,0,0,0,0,0,0,0,0,0,0,0,0
570.jpg,0,0,1,0,0,0,0,0,0,0,0,0,0,0,0,0,0,0,0,0
571.jpg,0,0,1,0,0,0,0,0,0,0,0,0,0,0,0,0,0,0,0,0
572.jpg,0,0,1,0,0,0,0,0,1,0,0,0,0,0,0,0,0,0,0,0
573.jpg,0,0,1,0,0,0,0,0,1,0,0,0,0,0,0,0,0,0,0,0
574.jpg,0,0,1,0,0,0,0,0,0,0,0,0,0,0,0,0,0,0,0,0
575.jpg,0,0,1,0,0,0,0,0,0,0,0,0,0,0,0,0,0,0,0,0
576.jpg,0,0,1,0,0,0,0,0,0,0,0,0,0,0,0,0,0,0,0,0
577.jpg,0,0,1,0,0,0,0,0,0,0,0,0,0,0,0,0,0,0,0,0
578.jpg,0,0,1,0,0,0,0,0,0,0,0,0,0,0,0,0,0,0,0,0
579.jpg,0,0,1,0,0,0,0,0,0,0,0,0,0,0,0,0,0,0,0,0
580.jpg,0,0,1,0,0,0,0,0,0,0,0,0,0,0,0,0,0,0,0,0
581.jpg,0,0,0,0,0,0,0,0,0,0,0,0,0,0,0,1,0,0,0,1
582.jpg,0,0,0,0,0,0,0,0,0,0,0,0,0,0,0,0,0,0,0,1
583.jpg,0,0,0,0,0,0,0,0,0,0,1,0,0,0,0,0,0,0,0,0
584.jpg,0,0,0,0,0,0,0,0,0,0,1,0,0,0,0,0,0,0,0,0
585.jpg,0,0,0,0,0,0,0,0,0,0,1,0,0,0,0,0,0,0,0,0
586.jpg,0,0,0,0,0,0,0,0,0,0,0,1,0,0,0,1,0,0,0,0
587.jpg,0,0,0,0,0,0,0,0,0,0,0,1,0,0,0,0,0,0,0,0
588.jpg,0,0,0,0,0,0,0,0,0,0,1,0,0,0,0,0,0,0,0,0
589.jpg,0,0,0,0,0,0,0,0,0,0,1,1,0,0,0,0,0,0,0,0
590.jpg,0,0,0,0,0,0,0,0,0,0,1,1,0,0,0,0,0,0,0,0
591.jpg,0,0,0,0,0,0,0,0,0,0,1,1,0,0,0,0,0,0,0,0
592.jpg,0,0,0,0,0,0,0,0,0,0,0,1,0,0,0,0,0,0,0,0
593.jpg,0,0,0,0,0,0,0,0,0,0,0,1,0,0,0,0,0,0,0,0
594.jpg,0,0,0,1,0,0,0,0,0,0,0,0,0,0,0,0,0,0,0,0
595.jpg,0,1,1,0,0,0,0,0,0,0,0,0,0,0,0,0,0,0,0,0
596.jpg,0,0,0,0,0,0,0,0,0,1,0,0,0,0,0,0,0,0,0,0
597.jpg,0,0,0,0,0,0,1,0,0,0,0,0,0,0,0,0,0,0,0,0
598.jpg,0,0,0,0,0,0,0,0,1,0,0,0,0,0,0,0,0,0,0,0
599.jpg,0,0,0,0,0,0,0,0,0,1,0,0,0,0,0,0,0,0,0,0
600.jpg,0,0,0,0,0,0,1,0,0,0,0,0,0,0,0,0,0,0,0,0
601.jpg,0,0,0,0,0,0,0,0,1,0,0,0,0,0,0,0,0,0,0,0
602.jpg,0,0,0,0,0,0,0,0,0,0,0,0,0,0,0,0,0,0,0,1
603.jpg,0,0,0,0,0,0,0,0,0,0,0,0,0,0,0,0,0,0,0,1
604.jpg,0,0,0,0,0,0,0,0,0,0,0,0,0,0,0,0,0,0,0,1
605.jpg,0,0,0,0,0,1,0,0,1,0,0,0,0,1,0,0,0,0,0,0
606.jpg,0,1,1,0,1,0,0,0,0,0,0,0,0,0,0,0,0,0,0,0
607.jpg,0,0,0,0,0,0,0,0,0,0,0,0,0,1,0,0,0,0,0,0
608.jpg,0,0,0,0,0,0,0,0,0,0,0,0,0,0,0,0,0,0,1,0
609.jpg,0,0,0,0,0,0,0,0,0,0,0,0,0,0,0,0,0,0,0,1
610.jpg,0,0,0,0,0,0,0,0,1,0,0,0,0,0,0,0,0,0,0,0
611.jpg,0,0,0,0,0,0,0,0,1,0,0,0,0,0,0,0,0,0,0,0
612.jpg,0,0,0,0,0,0,0,0,0,0,0,0,1,0,0,0,0,0,0,0
613.jpg,0,0,0,0,0,0,1,0,0,0,0,0,0,0,0,0,0,0,0,0
614.jpg,0,0,0,0,0,1,0,0,0,0,0,0,0,0,0,0,0,0,0,0
615.jpg,0,0,0,0,0,0,0,1,0,0,0,0,0,0,0,0,0,0,0,0
616.jpg,0,0,0,0,1,1,0,0,1,0,0,0,0,0,0,0,0,0,0,1
617.jpg,0,0,0,0,0,1,0,0,0,0,0,0,0,0,0,0,0,0,0,0
618.jpg,0,0,0,0,0,0,0,0,1,0,0,0,0,0,0,0,0,0,0,1
619.jpg,0,0,1,0,0,0,0,1,1,0,0,0,0,0,0,0,0,0,0,0
620.jpg,0,0,0,0,0,1,0,0,1,0,0,0,1,0,0,0,0,0,0,0
621.jpg,0,1,0,0,0,0,0,1,0,0,0,0,0,0,0,0,0,0,0,1
622.jpg,0,0,0,0,1,0,1,0,1,0,0,0,0,0,0,0,0,0,0,0
623.jpg,1,0,0,0,1,0,0,1,0,1,0,0,0,0,0,0,0,0,0,0
624.jpg,0,0,0,0,0,1,0,1,0,0,0,0,0,0,0,0,0,0,0,0
625.jpg,1,0,0,0,0,0,0,0,1,1,0,0,0,0,0,0,0,0,0,0
626.jpg,0,0,0,0,1,0,1,0,0,0,0,0,0,0,0,0,1,0,0,0
627.jpg,0,1,0,0,0,0,1,0,0,0,0,0,0,0,0,0,0,0,0,0
628.jpg,0,0,0,0,0,0,1,0,0,0,0,0,0,1,0,0,0,0,0,1
629.jpg,0,0,0,0,1,0,1,0,0,0,0,0,0,1,0,0,0,0,0,0
630.jpg,0,0,0,0,1,0,1,0,0,0,0,0,0,0,0,0,0,0,0,1
631.jpg,0,1,0,0,0,0,0,0,0,0,0,0,0,0,0,0,0,0,0,0
632.jpg,0,0,0,0,0,0,0,0,0,0,0,0,0,0,0,0,0,1,1,0
633.jpg,0,0,0,0,0,0,0,0,0,0,0,0,0,0,0,0,0,1,0,0
634.jpg,0,0,0,0,0,0,0,0,0,0,0,0,0,0,0,0,0,0,1,0
635.jpg,0,0,0,0,0,0,0,0,0,0,0,0,0,0,0,0,0,1,0,0
636.jpg,0,0,0,0,0,0,0,0,0,0,0,0,0,0,0,0,0,0,1,0
637.jpg,0,0,0,0,0,0,0,0,0,0,0,0,0,0,0,0,0,1,1,0
638.jpg,0,0,0,0,0,0,0,0,0,0,0,0,0,0,0,0,0,1,1,0
639.jpg,0,0,0,0,0,0,0,0,0,0,0,0,0,0,0,0,0,1,1,0
640.jpg,0,0,0,0,0,0,0,0,0,0,0,0,0,0,0,0,0,1,0,0
641.jpg,0,0,0,0,0,0,0,0,0,0,0,0,0,0,0,0,0,0,1,0
642.jpg,0,0,0,0,0,0,0,0,0,0,0,0,0,0,0,0,0,0,0,1
643.jpg,0,1,0,0,0,0,1,1,0,0,0,0,0,0,0,0,0,0,0,0
644.jpg,0,0,1,0,0,0,0,0,1,0,0,0,0,0,0,0,0,0,0,0
645.jpg,0,0,0,0,0,0,1,0,0,1,0,0,0,0,0,0,0,0,0,0
646.jpg,0,0,0,0,0,0,0,0,1,0,0,0,0,0,0,0,0,0,0,0
647.jpg,0,1,1,0,0,0,0,1,0,0,0,0,0,0,0,0,0,0,0,1
648.jpg,0,0,1,0,0,0,0,0,0,0,0,0,0,0,0,0,0,0,0,0
649.jpg,0,1,1,0,0,0,0,0,0,0,0,0,0,0,0,0,0,0,0,0
650.jpg,0,1,0,0,0,0,0,0,0,0,0,0,0,0,0,0,0,0,0,0
651.jpg,0,0,0,0,0,0,0,0,0,0,0,0,0,1,1,0,0,0,0,0
652.jpg,0,0,0,0,0,0,0,0,0,0,0,0,0,1,0,0,0,0,0,0
653.jpg,1,0,0,0,1,0,0,0,0,0,0,0,0,1,0,0,0,0,0,0
654.jpg,0,1,0,0,0,0,1,0,0,0,0,0,0,0,0,0,0,0,0,0
655.jpg,0,0,0,0,1,0,0,0,0,0,0,0,0,0,0,0,0,0,0,0
656.jpg,0,0,0,0,0,0,0,0,0,0,0,0,0,1,0,0,1,0,0,0
657.jpg,1,0,0,0,0,1,0,0,0,0,0,0,0,0,0,0,0,0,0,0
658.jpg,0,1,0,0,0,0,0,0,0,0,0,0,0,0,0,0,0,0,0,0
659.jpg,0,0,0,0,0,0,0,1,0,0,0,0,0,0,0,0,0,0,0,0
660.jpg,0,0,0,0,0,0,0,0,1,0,0,0,0,0,0,0,0,0,0,0
661.jpg,0,0,0,0,1,0,0,0,0,0,0,0,0,0,0,0,0,0,0,0
662.jpg,0,0,0,0,0,0,1,0,0,0,0,0,0,1,0,0,0,0,0,0
663.jpg,0,0,0,0,0,0,0,0,1,0,0,0,0,0,0,0,0,0,0,0
664.jpg,0,0,0,0,0,0,0,0,0,0,0,0,0,0,1,0,0,0,0,0
665.jpg,0,0,0,0,0,1,0,0,0,0,0,0,0,0,0,0,0,0,0,0
666.jpg,0,0,0,1,0,0,0,0,0,0,0,0,0,0,0,0,0,0,0,0
667.jpg,0,0,0,0,0,0,0,0,0,0,0,0,1,0,0,0,0,0,0,0
668.jpg,0,0,0,0,0,0,0,0,0,0,0,0,1,0,0,0,0,0,0,0
669.jpg,0,0,0,0,0,0,0,0,0,0,0,0,1,0,0,0,0,0,0,0
670.jpg,0,0,0,0,0,0,0,0,0,0,1,0,1,0,0,0,0,0,0,0
671.jpg,0,0,0,0,0,0,0,0,0,0,0,0,0,0,0,0,0,1,0,0
672.jpg,0,0,0,0,0,0,0,0,0,0,0,0,0,0,0,0,0,0,1,0
673.jpg,0,0,0,0,0,0,0,0,0,0,0,0,0,0,0,0,0,1,0,0
674.jpg,0,0,0,0,0,0,0,0,0,0,0,0,0,0,0,0,0,0,1,0
675.jpg,0,0,0,0,0,0,0,0,0,0,0,0,0,0,0,0,0,1,0,0
676.jpg,0,0,0,0,0,0,0,0,0,0,0,0,0,0,0,0,0,0,1,0
677.jpg,0,1,1,0,0,0,0,0,0,0,0,0,0,0,0,0,0,0,0,0
678.jpg,0,0,1,0,0,0,0,0,0,0,0,0,0,0,0,0,0,0,0,0
679.jpg,0,0,0,0,0,0,0,0,0,0,0,0,0,0,1,0,0,0,0,0
680.jpg,0,1,1,0,0,0,0,0,0,0,0,0,0,0,0,0,0,0,0,0
681.jpg,0,0,0,0,0,1,0,0,0,1,0,0,0,0,0,0,0,0,0,0
682.jpg,0,0,0,0,0,1,0,0,1,0,0,0,0,0,1,0,0,0,0,0
683.jpg,0,0,0,0,0,0,0,0,0,0,0,0,0,1,0,0,0,0,0,0
684.jpg,0,1,0,0,0,0,1,0,0,0,0,0,0,0,1,0,0,0,0,0
685.jpg,0,0,0,0,0,0,1,0,1,0,0,0,0,0,0,0,0,0,0,0
686.jpg,0,0,1,0,0,0,0,1,0,0,0,0,0,0,0,0,1,0,0,0
687.jpg,0,0,1,0,0,0,0,0,0,1,0,0,0,0,0,0,0,0,0,0
688.jpg,0,1,1,0,0,0,0,0,0,0,0,0,0,0,0,0,0,0,0,0
689.jpg,0,1,0,0,0,0,0,0,0,0,0,0,0,1,0,0,0,0,0,0
690.jpg,0,0,0,0,0,0,0,0,1,0,0,0,0,0,0,0,0,0,0,0
691.jpg,0,0,0,0,0,0,1,0,0,1,0,0,0,0,0,0,0,0,0,0
692.jpg,0,0,0,1,0,0,0,0,0,0,0,0,0,0,0,0,0,0,0,0
693.jpg,0,0,0,1,0,0,0,0,0,0,0,0,0,0,0,0,0,0,0,0
694.jpg,0,1,0,1,0,0,0,0,0,0,0,0,0,0,0,0,0,0,0,0
695.jpg,0,0,0,0,0,0,0,1,0,0,0,0,0,0,0,0,0,0,0,0
696.jpg,0,0,0,0,0,0,0,0,0,0,0,0,1,0,0,0,0,0,0,0
697.jpg,1,0,0,0,0,0,0,0,0,0,0,0,0,0,0,0,0,0,0,0
698.jpg,0,0,0,0,0,0,0,0,0,0,0,0,0,0,1,0,0,0,0,0
699.jpg,0,0,0,0,0,0,0,0,0,0,0,0,0,1,0,0,0,0,0,0
700.jpg,0,1,1,0,0,0,0,0,0,0,0,0,0,0,0,0,0,0,0,0
701.jpg,1,1,0,0,0,0,0,0,0,1,0,0,0,0,1,0,0,0,0,0
702.jpg,0,1,0,0,0,0,0,0,0,0,0,0,0,1,0,0,0,0,0,0
703.jpg,0,0,0,0,0,0,0,0,0,0,0,0,0,1,0,0,0,0,0,0
704.jpg,0,0,0,0,0,0,0,0,0,0,0,0,1,0,0,0,0,0,0,0
705.jpg,0,0,0,0,0,0,0,0,0,0,1,0,1,0,0,0,0,0,0,0
706.jpg,0,0,0,0,0,0,0,0,0,0,0,0,0,0,0,0,0,0,1,0
707.jpg,0,0,0,0,0,0,0,0,0,0,0,0,0,0,0,0,0,1,0,0
708.jpg,0,0,0,0,0,0,0,0,0,0,0,0,0,0,0,0,0,0,1,0
709.jpg,0,0,0,0,0,0,0,0,0,0,0,0,0,0,0,0,0,1,0,0
710.jpg,0,0,0,0,1,0,0,0,0,0,0,0,0,1,1,0,1,0,0,0
711.jpg,0,0,0,0,0,0,0,0,0,0,0,0,0,0,1,0,0,0,0,0
712.jpg,0,0,0,0,0,0,0,0,0,0,0,0,0,0,0,0,0,0,0,1
713.jpg,0,0,0,0,0,0,0,0,0,0,0,0,0,0,0,0,0,0,0,1
714.jpg,0,0,0,0,0,0,0,0,0,0,0,0,0,0,1,0,0,0,0,0
715.jpg,0,0,0,0,0,0,1,0,0,0,0,0,0,0,0,0,0,0,0,0
716.jpg,1,0,0,0,0,0,1,0,0,0,0,0,0,1,0,0,1,0,0,0
717.jpg,0,0,0,0,0,0,0,0,1,0,0,0,0,0,1,0,0,0,0,0
718.jpg,0,0,0,0,0,0,0,0,0,0,0,0,0,1,0,0,0,0,0,0
719.jpg,0,0,0,0,0,0,0,0,0,0,0,0,0,0,0,0,0,0,0,1
720.jpg,0,0,0,0,0,0,0,0,0,1,0,0,0,0,0,0,0,0,0,0
721.jpg,1,0,0,0,0,0,0,0,0,0,0,0,0,0,0,0,0,0,0,0
722.jpg,0,0,0,0,0,0,0,0,0,0,0,0,0,0,0,0,0,0,1,0
723.jpg,0,0,0,0,0,0,0,0,0,0,0,0,0,0,0,0,0,1,0,0
724.jpg,0,0,0,0,0,0,0,0,0,0,0,0,0,0,0,0,0,0,1,0
725.jpg,0,0,0,0,0,0,0,0,0,0,0,0,0,0,0,0,0,1,0,0
726.jpg,0,0,0,0,0,0,0,0,0,0,0,0,0,0,0,0,0,0,1,0
727.jpg,0,0,0,0,0,0,0,0,0,0,0,0,0,0,0,0,0,1,0,0
728.jpg,0,0,0,0,0,0,0,0,0,0,0,0,0,0,0,0,0,0,1,0
729.jpg,0,0,0,0,0,0,0,0,0,0,0,0,0,0,0,0,0,1,0,0
730.jpg,0,0,0,0,0,0,0,0,0,0,0,0,0,0,0,0,0,0,1,0
731.jpg,0,0,0,0,0,0,0,0,0,0,0,0,0,0,0,0,0,1,0,0
732.jpg,0,0,0,0,0,0,0,0,0,0,0,0,0,0,0,0,0,1,0,0
733.jpg,0,0,0,0,0,0,0,0,0,0,0,0,0,0,0,0,0,1,0,0
734.jpg,0,0,0,0,0,0,0,0,0,0,0,0,0,0,0,0,0,0,1,0
735.jpg,0,0,0,0,0,0,0,0,0,0,0,0,0,0,0,0,0,1,0,0
736.jpg,0,0,0,0,0,0,0,0,0,0,0,0,0,0,0,0,0,0,1,0
737.jpg,0,0,0,0,0,0,0,0,0,0,0,0,0,1,0,0,0,0,0,0
738.jpg,0,0,0,0,0,0,0,0,0,0,0,0,0,1,0,0,0,0,0,0
739.jpg,0,0,0,0,0,0,0,0,0,0,0,0,0,1,0,0,0,0,0,0
740.jpg,0,0,0,0,0,1,0,0,0,0,0,0,0,0,0,0,0,0,0,0
741.jpg,1,0,0,0,0,0,0,0,0,0,0,0,0,0,0,0,0,0,0,0
742.jpg,0,0,0,1,0,0,0,0,0,0,0,0,1,0,0,0,0,0,0,0
743.jpg,1,0,0,0,0,0,0,0,0,0,0,0,0,1,1,0,0,0,0,0
744.jpg,0,0,0,0,0,0,0,0,0,0,0,0,1,0,1,0,0,0,0,0
745.jpg,0,0,0,1,0,0,0,0,0,0,0,0,0,0,0,0,0,0,0,0
746.jpg,0,0,0,0,1,1,0,0,1,0,0,0,0,0,0,0,0,0,0,0
747.jpg,0,1,0,0,0,0,0,0,0,0,0,0,1,0,0,0,0,0,0,1
748.jpg,1,1,0,0,0,0,0,0,1,0,0,0,0,0,0,0,0,0,0,0
749.jpg,0,0,0,0,0,1,0,0,0,1,0,0,0,0,0,0,0,0,0,0
750.jpg,0,0,0,0,0,0,0,0,0,0,0,0,0,1,0,0,0,0,0,0
751.jpg,0,0,0,0,1,1,0,0,0,0,0,0,0,0,0,0,1,0,0,0
752.jpg,0,0,0,0,0,0,0,0,1,1,0,0,0,0,0,0,0,0,0,0
753.jpg,0,0,0,0,0,0,0,0,0,0,0,0,0,0,1,0,0,0,0,0
754.jpg,0,0,0,0,0,0,0,0,0,0,0,0,0,1,0,0,0,0,0,0
755.jpg,0,0,1,0,0,0,0,0,0,0,0,0,0,1,0,0,0,0,0,0
756.jpg,0,0,0,0,0,0,0,0,1,0,0,0,0,0,0,0,0,0,0,0
757.jpg,0,0,0,0,0,0,0,0,1,0,0,0,0,0,0,0,0,0,0,1
758.jpg,0,0,0,0,0,1,0,0,0,0,0,0,0,0,0,0,0,0,0,0
759.jpg,0,0,1,0,0,0,0,0,0,0,0,0,0,0,0,0,0,0,0,0
760.jpg,0,0,0,0,0,0,0,0,0,0,0,0,0,0,0,0,0,0,1,0
761.jpg,0,0,0,0,0,0,0,0,0,0,0,0,0,0,0,0,0,0,1,0
762.jpg,0,0,0,0,0,0,0,0,0,0,0,0,0,0,0,0,0,1,0,0
763.jpg,0,0,0,0,0,0,0,0,0,0,0,0,0,0,0,0,0,0,1,0
764.jpg,0,0,0,0,0,0,0,0,0,0,0,0,0,0,0,0,0,1,1,0
765.jpg,0,0,0,0,0,0,0,0,0,0,0,0,0,0,0,0,0,1,1,0
766.jpg,0,0,0,0,0,0,0,0,0,0,0,0,0,0,0,0,0,0,1,0
767.jpg,0,0,0,0,0,0,0,0,0,0,0,0,0,0,0,0,0,1,0,0
768.jpg,0,0,0,0,0,0,0,0,0,0,0,0,0,0,0,0,0,1,0,0
769.jpg,0,0,0,0,0,0,0,0,0,0,0,0,0,0,0,0,0,0,1,0
770.jpg,0,0,0,0,0,0,0,0,0,0,0,0,0,0,0,0,0,1,0,0
771.jpg,0,0,0,0,0,0,0,0,0,0,0,0,0,0,0,0,0,0,1,0
772.jpg,0,0,0,0,0,0,0,0,0,0,0,0,0,0,0,0,0,0,1,1
773.jpg,1,0,0,0,0,0,0,0,0,0,0,0,0,0,0,0,0,0,0,0
774.jpg,0,0,0,0,0,0,0,0,0,1,0,0,0,0,0,0,0,0,0,1
775.jpg,0,0,0,0,0,0,0,0,0,0,0,0,0,0,0,0,1,0,0,1
776.jpg,0,0,1,0,0,0,0,0,0,0,0,0,0,0,0,0,0,0,0,0
777.jpg,0,0,0,0,0,1,0,0,0,0,0,0,0,0,0,0,0,0,0,0
778.jpg,0,0,1,0,0,1,0,0,0,0,0,0,0,0,0,0,0,0,0,0
779.jpg,0,0,0,0,0,0,0,0,0,0,0,0,0,0,0,0,0,0,0,1
780.jpg,0,0,0,0,0,0,0,0,1,1,0,0,0,0,0,0,0,0,0,0
781.jpg,0,1,0,0,0,0,0,0,1,0,0,0,0,0,0,0,0,0,0,0
782.jpg,0,0,0,0,0,1,0,0,1,0,0,0,0,0,0,0,0,0,0,0
783.jpg,0,0,0,0,0,0,0,0,0,1,0,0,0,0,0,0,0,0,0,0
784.jpg,0,0,0,0,0,0,0,0,0,0,0,0,0,1,0,0,0,0,0,0
785.jpg,0,0,0,0,0,0,0,0,0,0,0,0,0,0,1,0,0,0,0,0
786.jpg,0,0,0,0,0,0,1,0,0,0,0,0,0,0,0,0,0,0,0,0
787.jpg,0,0,0,0,0,0,1,0,0,0,0,0,0,0,0,0,1,0,0,0
788.jpg,1,1,0,0,1,0,0,0,0,0,0,0,0,0,0,0,0,0,0,1
789.jpg,0,0,0,0,1,0,0,0,0,0,0,0,0,0,0,0,0,0,0,0
790.jpg,0,0,0,0,0,1,1,0,1,0,0,0,0,0,1,0,0,0,0,0
791.jpg,0,0,0,0,0,1,0,0,0,0,0,0,0,0,0,0,0,0,0,0
792.jpg,0,0,0,0,1,0,0,0,1,0,0,0,0,0,0,0,0,0,0,0
793.jpg,0,0,0,0,0,0,0,0,0,0,0,0,0,1,0,0,0,0,0,0
794.jpg,0,0,0,0,0,1,0,0,0,0,0,0,0,1,0,0,0,0,0,0
795.jpg,0,0,0,0,0,0,0,0,0,1,0,0,0,0,0,0,0,0,0,0
796.jpg,0,0,0,0,0,0,0,0,0,0,0,0,0,1,0,0,0,0,0,0
797.jpg,0,0,0,0,0,1,0,0,0,0,0,0,0,0,1,0,0,0,0,0
798.jpg,0,0,0,0,0,0,0,0,1,0,0,0,0,0,0,0,0,0,0,0
799.jpg,0,0,0,0,0,0,0,0,1,0,0,0,0,0,0,0,0,0,0,0
800.jpg,0,0,0,0,0,1,0,0,1,0,0,0,0,0,0,0,0,0,0,1
801.jpg,0,0,0,0,0,0,0,0,0,1,0,0,0,0,0,0,0,0,0,0
802.jpg,0,0,0,0,0,0,0,0,0,1,0,0,0,0,0,0,0,0,0,0
803.jpg,0,0,0,0,0,0,0,0,0,1,0,0,0,0,0,0,0,0,0,0
804.jpg,0,0,0,0,0,0,0,0,0,1,0,0,0,0,0,0,0,0,0,0
805.jpg,0,0,0,0,0,0,0,0,0,1,0,0,0,0,0,0,0,0,0,0
806.jpg,0,0,0,0,0,0,0,0,1,0,0,0,0,0,0,0,0,0,0,0
807.jpg,0,0,0,0,0,1,0,0,1,0,0,0,0,0,0,0,0,0,0,0
808.jpg,0,0,0,0,0,0,0,0,0,0,0,0,1,0,0,0,0,0,0,0
809.jpg,0,0,0,0,1,0,0,0,0,0,0,0,0,0,0,0,0,0,0,1
810.jpg,0,0,0,0,0,0,0,0,0,0,0,0,0,0,0,0,0,0,0,1
811.jpg,0,0,0,0,0,1,0,0,0,0,0,0,0,0,0,0,0,0,0,0
812.jpg,0,0,0,0,0,0,0,0,0,0,0,0,0,0,1,0,0,0,0,0
813.jpg,0,0,0,0,0,0,0,0,0,1,0,0,0,0,0,0,0,0,0,0
814.jpg,0,0,0,0,0,1,0,0,0,0,0,0,0,1,0,0,0,0,0,0
815.jpg,0,0,0,0,0,0,1,0,0,0,0,0,0,0,0,0,0,0,0,0
816.jpg,0,0,0,0,0,0,0,0,0,0,0,0,0,1,0,0,0,0,0,0
817.jpg,0,0,0,0,0,0,1,0,0,0,0,0,0,1,0,0,0,0,0,0
818.jpg,0,0,0,0,0,0,0,0,1,0,0,0,0,0,0,0,0,0,0,0
819.jpg,0,0,0,0,0,0,0,0,0,0,0,0,0,1,0,0,0,0,0,0
820.jpg,0,0,0,0,0,0,0,0,1,0,0,0,0,0,0,0,0,0,0,0
821.jpg,0,1,0,0,0,0,0,0,0,0,0,0,0,0,0,0,0,0,0,0
822.jpg,0,0,1,0,0,0,0,0,0,0,0,0,0,0,0,0,0,0,0,0
823.jpg,0,0,0,0,1,0,0,0,0,0,0,0,0,0,0,0,0,0,0,0
824.jpg,1,0,0,0,0,0,0,0,0,0,0,0,0,0,0,0,0,0,0,0
825.jpg,0,1,0,0,0,1,0,0,0,0,0,0,0,0,0,0,0,0,0,0
826.jpg,0,0,0,0,0,0,0,0,1,0,0,0,0,0,0,0,0,0,0,0
827.jpg,0,0,0,0,0,0,0,0,0,0,0,0,1,1,0,0,0,0,0,0
828.jpg,0,1,0,0,0,0,0,0,0,0,0,0,0,1,0,0,0,0,0,0
829.jpg,0,1,0,0,0,0,0,1,0,0,0,0,0,0,0,0,0,0,0,0
830.jpg,0,0,1,0,0,0,0,0,0,0,0,0,0,0,0,0,0,0,0,0
831.jpg,0,0,0,0,1,0,0,0,0,0,0,0,0,0,0,0,0,0,0,0
832.jpg,0,0,0,0,0,0,0,0,1,0,0,0,0,0,0,0,0,0,0,0
833.jpg,0,0,0,0,0,0,0,0,1,1,0,0,0,0,0,0,0,0,0,0
834.jpg,0,0,0,0,1,0,0,0,0,0,0,0,0,0,0,0,0,0,0,0
835.jpg,1,1,0,0,0,0,0,0,0,0,0,0,0,0,0,0,0,0,0,0
836.jpg,0,0,1,0,1,0,0,0,0,0,0,0,0,0,0,0,0,0,0,0
837.jpg,0,0,0,0,0,0,0,0,0,0,0,0,0,0,0,0,1,0,0,0
838.jpg,0,0,0,0,0,0,0,0,0,0,0,0,0,0,0,0,0,1,0,0
839.jpg,0,0,0,0,0,0,0,0,0,0,0,0,0,0,0,0,0,0,1,0
840.jpg,0,0,0,0,0,0,0,0,0,0,0,0,0,0,0,0,0,1,0,0
841.jpg,0,0,0,0,0,0,0,0,0,0,0,0,0,0,0,0,0,0,1,0
842.jpg,0,0,0,0,0,0,0,0,0,0,0,0,0,0,0,0,0,1,0,0
843.jpg,0,0,0,0,0,0,0,0,0,0,0,0,0,0,0,0,0,0,1,0
844.jpg,0,0,0,0,0,0,0,0,0,0,0,0,0,0,0,0,0,1,0,0
845.jpg,0,0,0,0,0,0,0,0,0,0,0,0,0,0,0,0,0,0,1,0
846.jpg,0,0,0,0,0,0,0,0,0,0,0,0,0,0,0,0,0,1,0,0
847.jpg,0,0,0,0,0,0,0,0,0,0,0,0,0,0,0,0,0,1,0,0
848.jpg,0,0,0,0,0,0,0,0,0,0,0,0,0,0,0,0,0,0,1,0
849.jpg,0,0,0,0,0,0,0,0,0,0,0,0,0,0,0,0,0,1,0,0
850.jpg,0,0,0,0,0,0,0,0,0,0,0,0,0,0,0,0,0,0,1,0
851.jpg,0,0,0,0,0,0,0,0,0,0,0,0,0,0,0,0,0,1,0,0
852.jpg,0,0,0,0,0,0,0,0,0,0,0,0,0,0,0,0,0,1,0,0
853.jpg,0,0,0,0,0,0,0,0,0,0,0,0,0,0,0,0,0,1,0,0
854.jpg,0,0,0,0,0,0,0,0,0,0,0,0,0,0,0,0,0,1,0,0
855.jpg,0,0,0,1,0,0,0,0,0,0,0,0,0,0,0,0,0,0,0,0
856.jpg,0,0,0,0,0,0,0,0,0,0,0,0,0,1,0,0,0,0,0,0
857.jpg,0,0,0,0,1,0,0,0,0,0,0,0,0,1,0,0,0,0,0,0
858.jpg,0,0,0,0,0,0,0,0,1,1,0,0,0,0,0,0,0,0,0,0
859.jpg,0,0,0,0,0,0,0,0,1,0,0,0,0,0,0,0,0,0,0,0
860.jpg,0,0,0,0,0,0,0,0,0,0,0,0,0,0,0,0,1,0,0,0
861.jpg,0,0,0,0,0,0,0,0,1,0,0,0,0,0,0,0,0,0,0,0
862.jpg,0,0,0,0,0,0,0,0,1,0,0,0,0,0,0,0,0,0,0,0
863.jpg,0,0,0,0,0,0,0,0,1,0,0,0,0,0,0,0,0,0,0,0
864.jpg,0,0,0,0,0,1,0,0,0,0,0,0,0,0,0,0,0,0,0,0
865.jpg,0,0,0,0,1,0,0,0,1,0,0,0,0,0,0,0,0,0,0,0
866.jpg,0,0,0,0,0,1,0,0,1,1,0,0,0,0,0,0,0,0,0,0
867.jpg,0,0,1,0,0,0,0,0,0,1,0,0,0,0,0,0,0,0,0,0
868.jpg,0,0,0,0,0,1,0,0,0,1,0,0,0,0,0,0,0,0,0,0
869.jpg,0,0,0,0,0,0,0,0,0,1,0,0,0,0,0,0,0,0,0,0
870.jpg,0,0,0,0,0,0,0,0,0,1,0,0,1,0,0,0,0,0,0,0
871.jpg,0,0,0,0,0,0,0,0,0,1,0,0,1,0,0,0,0,0,0,0
872.jpg,0,0,0,0,0,0,0,0,0,1,0,0,0,0,0,0,0,0,0,0
873.jpg,0,0,0,0,0,0,0,0,0,1,0,0,0,0,0,0,0,0,0,0
874.jpg,0,0,0,0,0,0,0,0,0,1,0,0,0,0,0,0,0,0,0,0
875.jpg,1,0,0,0,0,0,0,0,0,0,0,0,0,0,0,0,0,0,0,0
876.jpg,0,1,0,0,0,1,0,0,0,0,0,0,0,0,0,0,0,0,0,0
877.jpg,0,1,0,0,0,0,0,0,0,0,0,0,0,0,0,0,0,0,0,0
878.jpg,0,0,0,0,1,0,0,0,0,0,0,0,0,0,1,0,0,0,0,0
879.jpg,0,0,0,0,0,0,0,0,0,1,0,0,0,1,0,0,0,0,0,0
880.jpg,0,0,0,0,0,0,0,0,0,1,0,0,0,1,0,0,0,0,0,0
881.jpg,0,0,0,0,0,0,0,0,0,0,0,0,0,1,0,0,0,0,0,0
882.jpg,0,0,0,0,0,0,1,0,0,0,0,0,0,0,0,0,0,0,0,0
883.jpg,0,0,0,0,0,0,0,0,0,0,0,0,0,0,1,0,0,0,0,1
884.jpg,0,1,0,0,0,0,0,0,0,0,0,0,0,0,0,0,0,0,0,0
885.jpg,0,0,0,1,0,0,0,0,0,0,0,0,0,1,1,0,0,0,0,0
886.jpg,0,0,0,0,1,0,0,0,0,0,0,0,0,0,0,0,0,0,0,0
887.jpg,1,0,0,0,0,0,0,0,0,0,0,0,0,0,0,0,0,0,0,0
888.jpg,0,0,1,0,0,0,0,0,0,0,0,0,0,0,0,0,0,0,0,0
889.jpg,0,0,0,0,0,0,0,0,0,0,0,0,1,0,0,0,0,0,0,0
890.jpg,0,0,1,0,0,0,0,0,0,0,0,0,0,0,0,0,0,0,0,0
891.jpg,0,0,0,0,0,0,0,0,0,0,1,0,1,0,0,0,0,0,0,0
892.jpg,0,0,0,0,0,0,0,0,0,0,0,0,0,0,0,0,0,0,1,0
893.jpg,0,0,0,0,0,0,0,0,0,0,0,0,0,0,0,0,0,0,1,0
894.jpg,0,0,0,0,0,0,0,1,0,0,0,0,0,0,0,0,0,0,0,0
895.jpg,0,1,0,0,0,0,0,0,0,0,0,0,0,0,0,0,0,0,0,0
896.jpg,0,0,0,0,0,0,0,0,0,0,0,0,0,0,0,0,0,1,0,0
897.jpg,0,0,0,0,0,0,0,0,0,0,0,0,0,0,0,0,0,1,1,0
898.jpg,0,0,0,0,0,0,0,0,0,0,0,0,0,0,0,0,0,0,1,0
899.jpg,0,0,0,0,0,0,0,0,0,0,0,0,0,0,0,0,0,0,1,0
900.jpg,0,0,0,0,0,0,0,0,0,0,0,0,0,0,0,0,0,0,1,0
901.jpg,0,1,0,0,0,0,0,0,0,0,0,0,0,0,0,0,0,0,0,0
902.jpg,0,0,0,0,0,0,0,0,0,0,0,0,1,0,0,0,0,0,0,0
903.jpg,0,0,0,1,0,0,0,0,0,0,0,0,0,0,0,0,0,0,0,0
904.jpg,0,0,0,1,0,0,0,0,0,0,0,0,0,0,0,0,0,0,0,0
905.jpg,0,0,0,0,0,0,0,0,0,0,0,0,1,0,0,0,0,0,0,0
906.jpg,0,0,0,1,0,0,0,0,0,0,0,0,0,0,0,0,0,0,0,0
907.jpg,0,0,0,0,0,0,0,0,0,0,0,0,1,0,0,0,0,0,0,0
908.jpg,0,0,0,0,0,0,0,0,0,0,0,0,1,0,0,0,0,0,0,0
909.jpg,0,0,0,0,0,0,0,0,0,0,0,0,1,0,0,0,0,0,0,0
910.jpg,0,0,0,0,0,0,1,0,0,0,0,0,0,0,0,0,0,0,0,0
911.jpg,0,0,0,0,0,0,1,0,0,0,0,0,0,0,0,0,0,0,0,0
912.jpg,0,0,0,0,0,0,0,0,0,1,0,0,0,0,0,0,0,0,0,0
913.jpg,0,0,0,0,0,0,0,0,1,0,0,0,0,0,0,0,0,0,0,0
914.jpg,0,0,0,0,0,1,0,0,0,0,0,0,0,0,0,0,0,0,0,0
915.jpg,0,0,0,0,0,0,0,0,0,0,0,0,0,0,0,0,0,1,0,0
916.jpg,0,0,0,0,0,0,0,0,0,0,0,0,0,0,0,0,0,0,1,0
917.jpg,0,0,0,0,0,0,0,0,0,0,0,0,0,0,0,0,0,1,0,0
918.jpg,0,0,0,0,0,0,0,0,0,0,0,0,0,0,0,0,0,1,0,0
919.jpg,0,0,0,0,0,0,0,0,0,0,0,0,0,0,0,0,0,1,1,0
920.jpg,0,0,0,0,0,0,0,0,0,0,0,0,0,0,0,0,0,1,0,0
921.jpg,0,0,0,0,0,0,0,0,0,0,0,0,0,0,0,0,0,1,1,0
922.jpg,0,0,0,0,0,0,0,0,0,0,0,0,0,0,0,0,0,1,0,0
923.jpg,0,0,0,0,0,0,0,0,0,0,0,0,0,0,0,0,0,1,0,0
924.jpg,0,0,0,0,0,0,0,0,0,0,0,0,0,0,0,0,0,0,1,0
925.jpg,0,0,0,0,0,0,0,0,0,0,0,0,0,0,0,0,0,1,0,0
926.jpg,0,0,0,0,0,0,0,0,0,0,0,0,0,0,0,0,0,1,0,0
927.jpg,0,0,0,0,0,0,0,0,0,0,0,0,0,0,0,0,0,1,0,0
928.jpg,0,0,0,0,0,0,0,0,0,0,0,0,0,0,0,0,0,1,0,0
929.jpg,0,0,0,0,0,0,0,0,0,0,0,0,0,0,0,0,0,1,0,0
930.jpg,0,0,0,0,0,0,0,0,0,0,0,0,0,0,0,0,0,1,0,0
931.jpg,0,0,0,0,0,0,0,0,0,0,0,0,0,0,0,0,0,1,0,0
932.jpg,0,0,0,0,0,0,0,0,0,0,0,0,0,0,0,0,0,1,0,0
933.jpg,0,0,0,0,0,0,0,0,0,0,0,0,0,0,0,0,0,1,0,0
934.jpg,0,0,0,0,0,0,0,0,0,0,0,0,0,0,0,0,0,0,1,0
935.jpg,0,0,0,0,0,0,0,0,0,0,0,0,0,0,0,0,0,0,1,0
936.jpg,0,0,0,0,0,0,0,0,0,0,0,0,0,0,0,0,0,1,1,0
937.jpg,0,0,0,0,0,1,0,0,1,0,0,0,0,0,0,0,0,0,0,0
938.jpg,0,0,0,0,0,0,0,0,1,0,0,0,0,0,0,0,0,0,0,0
939.jpg,0,0,0,0,0,0,0,0,0,1,0,0,0,0,0,0,0,0,0,0
940.jpg,0,1,0,0,1,0,0,0,0,0,0,0,0,0,0,0,1,0,0,1
941.jpg,0,0,0,0,0,0,0,0,1,0,0,0,0,0,0,0,0,0,0,0
942.jpg,0,0,0,0,0,0,0,0,0,0,0,0,0,1,0,0,0,0,0,0
943.jpg,0,0,0,0,0,0,0,0,0,0,0,0,0,1,0,0,0,0,0,0
944.jpg,0,0,0,0,0,1,0,0,1,0,0,0,0,0,0,0,0,0,0,0
945.jpg,0,0,0,0,0,0,0,0,1,0,0,0,0,0,0,0,0,0,0,0
946.jpg,0,0,0,0,0,0,0,0,0,0,0,0,0,1,0,0,0,0,0,0
947.jpg,0,0,0,0,0,0,0,0,0,0,0,0,0,1,0,0,0,0,0,0
948.jpg,0,0,0,0,0,0,1,0,1,0,0,0,0,1,0,0,0,0,0,0
949.jpg,0,0,0,0,0,0,0,0,0,0,0,0,0,1,0,0,0,0,0,0
950.jpg,0,0,0,0,0,0,0,0,0,0,0,0,0,1,0,0,0,0,0,0
951.jpg,0,0,0,0,0,0,0,0,0,1,0,0,0,0,0,0,0,0,0,0
952.jpg,1,0,0,0,0,0,0,0,0,0,0,0,0,0,0,0,0,0,0,0
953.jpg,0,0,0,0,0,0,0,0,0,0,0,0,0,1,0,0,0,0,0,0
954.jpg,0,0,0,0,0,0,0,0,0,0,0,0,0,0,1,0,0,0,0,0
955.jpg,0,0,0,0,0,0,0,0,0,0,0,0,0,0,0,0,0,0,0,1
956.jpg,0,0,0,0,0,0,0,0,0,0,0,0,0,0,0,0,0,0,0,1
957.jpg,0,0,0,0,0,0,0,0,1,1,0,0,0,1,0,0,0,0,0,0
958.jpg,0,0,0,0,0,0,0,0,0,0,0,0,0,0,0,0,0,0,0,1
959.jpg,0,1,1,0,0,0,0,0,0,0,0,0,0,0,0,0,0,0,0,0
960.jpg,0,0,0,0,0,0,0,0,1,0,0,0,0,0,0,0,0,0,0,0
961.jpg,0,0,0,0,0,0,1,0,0,1,0,0,0,0,0,0,0,0,0,0
962.jpg,0,0,0,0,0,0,0,0,1,0,0,0,0,1,0,0,0,0,0,0
963.jpg,0,0,0,0,0,0,0,0,1,0,0,0,0,0,0,0,0,0,0,0
964.jpg,0,0,0,0,0,0,0,0,0,1,0,0,0,0,0,0,0,0,0,0
965.jpg,0,0,0,0,0,0,0,0,0,0,0,0,0,0,0,0,0,1,0,0
966.jpg,0,0,0,0,0,0,0,0,0,0,0,0,0,0,0,0,0,1,0,0
967.jpg,0,0,1,0,0,0,0,0,0,0,0,0,0,0,0,0,0,0,0,0
968.jpg,1,0,0,0,0,0,0,0,0,0,0,0,0,0,0,0,0,0,0,0
969.jpg,1,0,0,0,0,0,0,0,0,0,0,0,0,0,0,0,0,0,0,0
970.jpg,0,0,0,0,0,0,0,0,0,0,0,0,0,0,1,0,0,0,0,0
971.jpg,0,0,0,0,0,0,0,0,0,0,0,0,0,0,0,0,0,0,0,1
972.jpg,0,1,1,0,0,0,0,0,0,0,0,0,0,0,0,0,0,0,0,0
973.jpg,0,0,0,0,0,0,0,0,0,0,0,0,0,0,0,0,0,0,0,1
974.jpg,0,0,0,1,0,0,0,0,0,0,0,0,0,0,0,0,0,0,0,0
975.jpg,0,0,0,0,0,0,0,0,0,0,0,0,0,0,0,0,0,1,0,0
976.jpg,0,0,0,0,0,0,0,0,0,0,0,0,0,0,0,0,0,0,1,0
977.jpg,0,0,0,0,0,0,0,0,0,0,0,0,0,0,0,0,0,0,1,0
978.jpg,0,0,0,0,0,0,0,1,0,0,0,0,0,0,0,0,0,0,0,0
979.jpg,0,0,0,0,0,0,0,0,0,0,0,0,0,0,0,0,0,0,0,1
980.jpg,0,0,0,0,0,0,0,0,0,0,0,0,1,0,0,0,0,0,0,0
981.jpg,0,0,0,0,0,0,0,0,0,0,0,0,0,0,0,0,0,1,0,0
982.jpg,0,0,0,0,0,0,0,0,0,0,0,0,0,0,0,0,0,0,1,0
983.jpg,0,0,0,0,0,0,0,0,0,0,0,0,0,0,0,0,0,1,0,0
984.jpg,0,0,0,0,0,0,0,0,0,0,0,0,0,0,0,0,0,1,0,0
985.jpg,0,0,0,0,0,0,0,0,0,0,0,0,1,0,0,0,0,0,0,0
986.jpg,0,0,0,0,0,0,0,0,0,0,0,0,0,0,1,0,0,0,0,0
987.jpg,0,0,0,0,0,0,0,0,0,0,0,0,0,0,0,0,0,1,0,0
988.jpg,0,0,0,0,0,0,0,0,0,0,0,0,0,0,0,0,0,1,0,0
989.jpg,0,0,0,0,0,0,0,0,0,0,0,0,1,0,0,0,0,0,0,0
990.jpg,1,0,0,0,0,0,0,0,0,0,0,0,0,0,0,0,0,0,0,0
991.jpg,0,1,1,0,0,0,0,0,0,0,0,0,0,0,0,0,0,0,0,0
992.jpg,0,0,0,0,0,0,0,0,0,0,0,0,0,0,0,0,0,1,0,0
993.jpg,0,1,1,0,0,0,0,0,0,0,0,0,0,0,0,0,0,0,0,0
994.jpg,0,0,0,0,0,0,0,0,0,0,0,0,0,0,0,0,0,0,0,1
995.jpg,0,0,0,0,0,0,0,0,0,0,0,0,0,0,0,0,1,0,0,0
996.jpg,0,0,0,0,0,0,0,0,0,0,0,0,0,0,1,0,0,0,0,0
997.jpg,1,0,0,0,0,0,0,0,0,0,0,0,0,0,0,0,0,0,0,0
998.jpg,0,0,0,0,0,0,0,0,0,0,0,0,0,0,0,0,1,0,0,0
999.jpg,0,0,0,0,0,0,0,0,0,0,0,0,0,0,0,0,0,1,0,0
1000.jpg,0,0,0,0,0,0,0,0,0,0,0,0,0,0,0,0,0,0,1,0
1001.jpg,0,0,0,0,0,0,0,0,0,0,0,0,0,0,0,0,0,0,1,0
1002.jpg,0,0,0,0,0,0,0,0,0,0,0,0,0,0,0,0,0,0,1,0
1003.jpg,0,0,0,0,0,0,0,0,0,0,0,0,0,0,0,0,0,0,1,0
1004.jpg,0,0,0,0,0,0,0,0,0,0,0,0,0,0,0,0,0,1,0,0
